Date,AAPL,DIA,JNJ,JPM,QQQ,SPY,TSLA,WMT,XLE,XLF,XLK,XLP,XLV,XLY,XOM
2021-02-01,130.57888793945312,276.4834289550781,141.16539001464844,114.14684295654297,312.88543701171875,351.2018127441406,279.9366760253906,43.373504638671875,16.39063835144043,26.901504516601562,63.549827575683594,56.25189971923828,106.60485076904297,79.83132934570312,36.71356964111328
2021-02-02,131.40634155273438,280.8775329589844,139.89866638183594,117.66053009033203,317.9898986816406,356.1678771972656,290.92999267578125,43.840660095214844,16.568618774414062,27.552715301513672,64.41053771972656,56.62895584106445,106.90950775146484,81.52670288085938,37.293861389160156
2021-02-03,130.3842010498047,281.2803649902344,139.2479705810547,119.00788879394531,316.7284240722656,356.4479675292969,284.89666748046875,43.97456741333008,17.276397705078125,27.708641052246094,64.18934631347656,56.71664810180664,106.15247344970703,81.07044982910156,38.7568473815918
2021-02-04,133.74261474609375,284.40203857421875,140.5407257080078,121.74665069580078,320.4741516113281,360.4991760253906,283.3299865722656,44.3887825012207,17.4667911529541,28.323163986206055,65.21356964111328,57.12879180908203,106.59561920166016,81.93492889404297,39.50060272216797
2021-02-05,133.3282928466797,285.1986083984375,142.67495727539062,121.50885772705078,321.5610656738281,361.9180908203125,284.07666015625,44.95869827270508,17.615795135498047,28.33233642578125,65.0693130493164,57.6636848449707,106.78948974609375,82.71778869628906,40.82463455200195
2021-02-08,133.4745330810547,287.3497314453125,143.082763671875,123.41100311279297,323.71533203125,364.5318298339844,287.8066711425781,45.1673698425293,18.352550506591797,28.699216842651367,65.75212860107422,57.882896423339844,106.91875457763672,83.18846893310547,42.58185958862305
2021-02-09,132.59710693359375,287.37725830078125,144.25399780273438,122.91783905029297,323.6474609375,364.28912353515625,283.1533203125,45.41651916503906,18.158010482788086,28.708389282226562,65.67521667480469,57.83027648925781,107.07569122314453,82.72740173339844,42.0831413269043
2021-02-10,131.9926300048828,287.9081115722656,144.72251892089844,122.98831939697266,322.9100036621094,364.1304931640625,268.2733459472656,44.887081146240234,18.505695343017578,28.708389282226562,65.57902526855469,57.76889419555664,107.26956939697266,81.91091918945312,42.49042510986328
2021-02-11,131.73919677734375,288.0728454589844,144.07176208496094,122.64486694335938,324.685791015625,364.71856689453125,270.5533447265625,44.852813720703125,18.220094680786133,28.616668701171875,66.30029296875,57.51460647583008,107.47268676757812,81.68518829345703,41.4265022277832
2021-02-12,131.97314453125,288.4026184082031,144.52297973632812,124.38850402832031,326.5005798339844,366.5201416015625,272.0400085449219,44.992950439453125,18.4891357421875,28.910175323486328,66.64173126220703,57.60230255126953,108.27589416503906,81.80047607421875,41.99170684814453
2021-02-16,129.84786987304688,288.8968200683594,143.212890625,127.3825912475586,325.6174621582031,366.2027893066406,265.40667724609375,45.36356735229492,18.95270538330078,29.405460357666016,66.42533874511719,57.4970703125,107.20494842529297,81.44505310058594,43.255123138427734
2021-02-17,127.55683135986328,289.8304748535156,143.72476196289062,127.77894592285156,324.0550231933594,366.28680419921875,266.04998779296875,45.84318161010742,19.234169006347656,29.552213668823242,65.83868408203125,57.70751190185547,107.59271240234375,81.91572570800781,43.92838668823242
2021-02-18,126.45518493652344,288.8785400390625,143.794189453125,128.21041870117188,322.6382141113281,364.7279052734375,262.4599914550781,42.872093200683594,18.799560546875,29.37794303894043,65.51653289794922,57.67245101928711,106.91875457763672,81.93972778320312,43.23849868774414
2021-02-19,126.61116790771484,288.8428039550781,141.39962768554688,130.35035705566406,321.2311706542969,364.0837707519531,260.4333190917969,43.083866119384766,19.114137649536133,29.726484298706055,65.42033386230469,56.944637298583984,105.6262435913086,81.46427154541016,43.529415130615234
2021-02-22,122.83827209472656,289.10870361328125,141.3123321533203,131.5744171142578,312.90478515625,361.2833251953125,238.1666717529297,42.881431579589844,19.77638053894043,30.00164222717285,63.977779388427734,56.997249603271484,105.376953125,79.74486541748047,45.13360595703125
2021-02-23,122.70179748535156,289.2738342285156,140.06396484375,132.6311492919922,311.9732666015625,361.7220458984375,232.94667053222656,42.1900520324707,20.103363037109375,30.185077667236328,63.799861907958984,57.0761604309082,105.2015380859375,79.22137451171875,45.75699234008789
2021-02-24,122.20458984375,293.0711975097656,141.94091796875,134.96481323242188,314.544921875,365.7079772949219,247.33999633789062,41.4862060546875,20.815284729003906,30.772079467773438,64.77600860595703,57.041099548339844,105.93089294433594,80.05225372314453,47.12846374511719
2021-02-25,117.95399475097656,287.9806213378906,142.08929443359375,133.13311767578125,303.5790100097656,356.8959655761719,227.4066619873047,41.09380340576172,20.413793563842773,30.21259880065918,62.51116943359375,56.41851043701172,104.86918640136719,77.07453918457031,46.34714889526367
2021-02-26,118.21721649169922,283.8257141113281,138.33541870117188,129.60182189941406,304.8503112792969,355.0570373535156,225.1666717529297,40.46158218383789,19.929529190063477,29.634767532348633,62.84296417236328,55.50654983520508,103.96443939208984,77.39632415771484,45.191795349121094
2021-03-01,124.58336639404297,289.4574279785156,139.086181640625,132.53428649902344,314.02081298828125,363.6637268066406,239.47666931152344,40.913169860839844,20.4469051361084,30.561134338378906,64.86735534667969,56.067752838134766,105.32158660888672,79.21177673339844,46.879112243652344
2021-03-02,121.9803695678711,288.1731872558594,138.82431030273438,132.102783203125,308.9842224121094,360.8259582519531,228.81333923339844,40.520755767822266,20.335153579711914,30.451074600219727,63.838314056396484,55.97129440307617,105.01689910888672,78.29925537109375,46.604820251464844
2021-03-03,118.99713897705078,287.0725402832031,136.37986755371094,134.6566619873047,300.0174865722656,356.04656982421875,217.73333740234375,39.735939025878906,20.633161544799805,30.689546585083008,62.23227310180664,55.70823669433594,103.68743896484375,76.45980072021484,46.97885513305664
2021-03-04,117.11555480957031,283.9449462890625,133.62994384765625,132.587158203125,295.107177734375,351.6404724121094,207.14666748046875,39.717262268066406,21.12571144104004,30.34100914001465,60.857025146484375,55.50654983520508,102.29338073730469,74.84127807617188,48.79916000366211
2021-03-05,118.37320709228516,289.13623046875,136.27516174316406,132.89537048339844,299.55181884765625,358.1095275878906,199.31666564941406,40.212432861328125,21.91626739501953,30.918842315673828,62.00627517700195,56.73418045043945,104.34294128417969,75.3167495727539,50.64440155029297
2021-03-08,113.44017791748047,291.8970947265625,137.41001892089844,134.6566619873047,291.0701904296875,356.32672119140625,187.6666717529297,39.82626724243164,21.957656860351562,31.313241958618164,60.50600051879883,56.97970962524414,104.08444213867188,75.40799713134766,50.59452819824219
2021-03-09,118.05146789550781,292.2272644042969,137.6719207763672,133.70553588867188,302.55035400390625,361.4140930175781,224.52667236328125,40.140811920166016,21.57272720336914,31.028902053833008,62.56407165527344,56.927101135253906,104.69377899169922,78.25601959228516,49.81320571899414
2021-03-10,116.9693374633789,296.5563049316406,138.937744140625,136.61160278320312,301.6867370605469,363.6637268066406,222.68666076660156,41.16542434692383,22.119077682495117,31.66176986694336,62.31401824951172,57.67245101928711,104.9338150024414,78.65465545654297,51.34260559082031
2021-03-11,118.89964294433594,298.3907775878906,138.92904663085938,135.8982696533203,308.63494873046875,367.3509216308594,233.1999969482422,41.149864196777344,22.127361297607422,31.57005500793457,63.64598846435547,57.53214645385742,105.57083892822266,79.86013793945312,50.96025085449219
2021-03-12,117.99299621582031,301.1239318847656,139.33062744140625,137.50982666015625,306.1312255859375,367.845703125,231.2433319091797,41.76961898803711,22.17289161682129,31.891080856323242,63.189186096191406,58.005672454833984,105.80164337158203,80.0954818725586,51.508846282958984
2021-03-15,120.87872314453125,302.75653076171875,140.04649353027344,136.82296752929688,309.4015808105469,370.03936767578125,235.97999572753906,41.554725646972656,21.920412063598633,31.707630157470703,63.86237335205078,58.25996398925781,106.53099822998047,81.17130279541016,50.195556640625
2021-03-16,122.4190673828125,301.6284484863281,140.87582397460938,135.1850128173828,311.0998840332031,369.57269287109375,225.6266632080078,41.542274475097656,21.295412063598633,31.377443313598633,64.34321594238281,58.330108642578125,106.46637725830078,80.33081817626953,49.131629943847656
2021-03-17,121.62938690185547,303.38037109375,140.35203552246094,136.576416015625,312.38079833984375,370.83282470703125,233.93666076660156,41.196571350097656,21.460973739624023,31.588396072387695,64.29031372070312,58.24241256713867,106.07861328125,81.45945739746094,49.34773635864258
2021-03-18,117.50553894042969,302.0869445800781,140.09014892578125,138.83078002929688,302.8123779296875,365.4372863769531,217.72000122070312,40.658668518066406,20.4965763092041,31.753498077392578,62.50636291503906,58.005672454833984,105.85704040527344,79.46631622314453,47.219905853271484
2021-03-19,116.97909545898438,299.6248779296875,139.71475219726562,136.62039184570312,303.8799133300781,364.7611389160156,218.2899932861328,41.19969940185547,20.500715255737305,31.386611938476562,62.318824768066406,58.207340240478516,106.2355728149414,79.94178771972656,46.95391845703125
2021-03-22,120.29376983642578,300.7552795410156,140.1162872314453,132.94818115234375,309.57855224609375,367.6737976074219,223.3333282470703,41.396728515625,20.304113388061523,30.982187271118164,63.544227600097656,58.821834564208984,107.1601333618164,80.4680404663086,46.471824645996094
2021-03-23,119.46510314941406,297.8326721191406,139.98536682128906,131.61846923828125,308.2279968261719,364.77984619140625,220.72000122070312,41.88771438598633,20.007123947143555,30.549184799194336,63.149085998535156,59.068687438964844,106.07621002197266,79.71281433105469,45.89830780029297
2021-03-24,117.07657623291016,297.85107421875,141.34727478027344,132.6399688720703,303.0295715332031,362.92547607421875,210.08999633789062,41.628143310546875,20.50908088684082,30.659744262695312,62.382930755615234,58.8394660949707,105.9557876586914,78.53428649902344,46.82923126220703
2021-03-25,117.56402587890625,299.7902526855469,141.39962768554688,134.339599609375,302.5049743652344,364.9671630859375,213.4633331298828,41.90961456298828,20.584373474121094,31.175643920898438,62.344383239746094,59.41252136230469,106.40046691894531,79.22216796875,46.69624710083008
2021-03-26,118.16847229003906,303.8525085449219,143.98370361328125,136.576416015625,307.0426330566406,370.84857177734375,206.23666381835938,42.25987243652344,21.094697952270508,31.66391944885254,63.929718017578125,60.4616584777832,108.41082000732422,79.88117980957031,47.96796798706055
2021-03-29,118.34396362304688,304.8175354003906,144.95274353027344,134.45407104492188,306.9551696777344,370.6612854003906,203.76333618164062,42.741485595703125,20.843717575073242,31.38753318786621,63.597232818603516,61.0699577331543,108.92034149169922,79.44343566894531,47.710304260253906
2021-03-30,116.89132690429688,304.0455627441406,144.05352783203125,136.03921508789062,305.4102478027344,369.67791748046875,211.8733367919922,42.450645446777344,20.663848876953125,31.608644485473633,62.994895935058594,60.417572021484375,107.9383316040039,80.22270965576172,47.12015151977539
2021-03-31,119.08489227294922,303.4573669433594,143.47738647460938,134.05780029296875,310.0838317871094,371.1764221191406,222.64332580566406,42.47879409790039,20.521623611450195,31.369110107421875,63.997188568115234,60.223609924316406,108.15139770507812,80.84806823730469,46.405338287353516
2021-04-01,119.9135513305664,304.6245422363281,142.1504364013672,135.36109924316406,315.3697204589844,375.1847229003906,220.5833282470703,42.41312026977539,21.04450225830078,31.756053924560547,65.28378295898438,59.93267822265625,107.82715606689453,81.49747467041016,47.70198440551758
2021-04-05,122.74078369140625,308.071044921875,142.6741943359375,136.07859802246094,321.6659851074219,380.56976318359375,230.35000610351562,43.6046257019043,20.542545318603516,32.004798889160156,66.63301086425781,60.69969940185547,108.57757568359375,83.3494644165039,46.96223068237305
2021-04-06,123.04299926757812,307.30828857421875,142.63931274414062,135.12197875976562,321.44244384765625,380.34503173828125,230.5399932861328,43.81416702270508,20.488170623779297,31.940296173095703,66.34871673583984,60.955345153808594,108.1606674194336,83.71025085449219,46.82923126220703
2021-04-07,124.69060516357422,307.30828857421875,142.8313751220703,137.23904418945312,322.2198181152344,380.7852478027344,223.6566619873047,43.720340728759766,20.559274673461914,32.09691619873047,66.70048522949219,60.80546951293945,107.9197998046875,83.46009063720703,47.03704071044922
2021-04-08,127.08888244628906,308.0067138671875,142.2726287841797,137.4073486328125,325.5817565917969,382.59271240234375,227.93333435058594,43.69219970703125,20.291563034057617,32.106117248535156,67.66422271728516,60.86720275878906,108.0865707397461,83.85456085205078,46.546630859375
2021-04-09,129.66261291503906,310.51593017578125,140.77105712890625,138.43492126464844,327.55413818359375,385.3742370605469,225.67333984375,43.714088439941406,20.157712936401367,32.38250732421875,68.31473541259766,60.76140594482422,109.27237701416016,84.65308380126953,46.43857192993164
2021-04-12,127.94680786132812,310.2308654785156,141.1115264892578,138.1425323486328,327.126708984375,385.5147399902344,233.9933319091797,43.720340728759766,19.998762130737305,32.520694732666016,67.987060546875,61.08760452270508,109.38356018066406,85.1966552734375,46.131038665771484
2021-04-13,131.05673217773438,309.53240966796875,139.2258758544922,136.49496459960938,330.94525146484375,386.6572265625,254.10667419433594,43.58586883544922,20.019670486450195,32.21668243408203,68.62796020507812,60.76140594482422,109.83750915527344,86.09618377685547,46.30558395385742
2021-04-14,128.7169647216797,310.21258544921875,139.6099853515625,133.94383239746094,326.9712219238281,385.3367614746094,244.07666015625,43.57023239135742,20.576005935668945,32.4101448059082,67.90031433105469,60.708499908447266,109.82826232910156,85.24957275390625,47.643802642822266
2021-04-15,131.125,312.88702392578125,140.0203094482422,134.79420471191406,331.92657470703125,389.4762878417969,246.28334045410156,43.83293914794922,20.408687591552734,32.38250732421875,69.06645965576172,61.19339370727539,111.70891571044922,85.86048126220703,47.36119842529297
2021-04-16,130.79354858398438,314.2955017089844,141.6353302001953,135.79518127441406,332.3152770996094,390.7780456542969,246.5933380126953,43.973663330078125,20.24555015563965,32.61281204223633,69.05200958251953,61.54605484008789,112.54268646240234,86.52432250976562,47.0952262878418
2021-04-19,131.45645141601562,313.27490234375,142.02818298339844,135.21937561035156,329.2740173339844,388.8581848144531,238.2100067138672,43.69219970703125,20.224639892578125,32.520694732666016,68.47856903076172,61.30801773071289,112.57048034667969,85.55262756347656,46.94560623168945
2021-04-20,129.76988220214844,310.8570251464844,145.3368377685547,132.225341796875,326.8740234375,386.01104736328125,239.663330078125,44.02995300292969,19.68921661376953,31.912656784057617,67.87141418457031,61.64301681518555,113.00590515136719,84.47510528564453,45.95648956298828
2021-04-21,130.15008544921875,313.7805480957031,145.432861328125,133.35032653808594,329.6723327636719,389.66357421875,248.0399932861328,44.15816879272461,19.94019889831543,32.35486602783203,68.55567169189453,61.95158386230469,114.3399887084961,85.60071563720703,46.546630859375
2021-04-22,128.62924194335938,310.8570251464844,144.2019500732422,130.54229736328125,325.6983947753906,386.1047668457031,239.89666748046875,43.679683685302734,19.705949783325195,31.995573043823242,67.75094604492188,61.49314880371094,113.83042907714844,84.65308380126953,45.93986511230469
2021-04-23,130.94949340820312,312.9806823730469,144.498779296875,133.04031372070312,329.7987365722656,390.291015625,243.13333129882812,43.75161361694336,19.885818481445312,32.59440231323242,68.76287841796875,61.33444595336914,114.58084869384766,85.5382080078125,46.18921661376953
2021-04-26,131.33949279785156,312.4658203125,143.27658081054688,133.36802673339844,331.94610595703125,391.10577392578125,246.06666564941406,43.12928009033203,20.019670486450195,32.72338104248047,69.11465454101562,60.64680099487305,114.19174194335938,85.91341400146484,46.28064727783203
2021-04-27,131.01773071289062,312.42919921875,142.4559326171875,133.979248046875,330.508056640625,391.0215148925781,234.913330078125,43.27626419067383,20.262285232543945,32.98133087158203,68.94597625732422,60.60271453857422,113.53397369384766,85.8123779296875,46.887420654296875
2021-04-28,130.2280731201172,311.0868225097656,141.4083709716797,134.84735107421875,329.390625,390.9091491699219,231.46665954589844,43.12302780151367,20.960840225219727,33.11030197143555,68.30511474609375,60.64680099487305,113.19119262695312,85.71134948730469,48.300445556640625
2021-04-29,130.13058471679688,313.1094665527344,143.34640502929688,137.4693603515625,330.5760498046875,393.4003601074219,225.6666717529297,43.667171478271484,21.19508171081543,33.69991683959961,68.24729919433594,61.290374755859375,112.73725128173828,85.73542022705078,48.99032974243164
2021-04-30,128.16128540039062,311.61090087890625,142.06307983398438,136.2469024658203,328.4092712402344,390.8155212402344,236.47999572753906,43.75474548339844,20.659669876098633,33.40510940551758,67.31727600097656,61.343284606933594,112.40372467041016,86.06732940673828,47.57731628417969
2021-05-03,129.21417236328125,313.60589599609375,144.22816467285156,135.8483428955078,326.6603088378906,391.65838623046875,228.3000030517578,44.445892333984375,21.228548049926758,33.57094192504883,67.12933349609375,61.845802307128906,113.68218994140625,85.65843963623047,48.890586853027344
2021-05-04,124.64186096191406,313.9552917480469,146.46302795410156,137.7262420654297,320.7817687988281,389.24212646484375,224.53334045410156,44.00806427001953,21.241098403930664,33.838111877441406,65.92466735839844,61.528419494628906,113.80262756347656,84.76371765136719,49.19812774658203
2021-05-05,124.88558959960938,314.6814880371094,145.85191345214844,139.5333251953125,319.70330810546875,389.3639221191406,223.64666748046875,43.97053146362305,21.927106857299805,34.11448669433594,65.76564025878906,61.484344482421875,114.00645446777344,84.49915313720703,50.677642822265625
2021-05-06,126.48442840576172,317.6512145996094,146.43685913085938,142.3413543701172,322.1129150390625,392.4731750488281,221.17999267578125,44.28449630737305,22.04004669189453,34.621185302734375,66.42579650878906,62.277801513671875,114.1546630859375,84.68193054199219,51.15974044799805
2021-05-07,127.15827178955078,319.8301696777344,147.1002960205078,142.8285675048828,324.7267150878906,395.32958984375,224.1233367919922,44.01762771606445,22.433246612548828,34.80542755126953,66.99440002441406,62.277801513671875,114.94214630126953,85.4419937133789,51.89118576049805
2021-05-10,123.87699127197266,319.7012634277344,148.64553833007812,142.81080627441406,316.5259094238281,391.414794921875,209.67999267578125,44.212284088134766,22.441612243652344,34.777801513671875,65.30307006835938,62.753875732421875,115.09037780761719,83.92190551757812,52.015865325927734
2021-05-11,122.95905303955078,315.2608337402344,147.43202209472656,140.4368438720703,316.0887145996094,387.92156982421875,205.73333740234375,43.81355285644531,21.864360809326172,34.160560607910156,65.10548400878906,62.207252502441406,113.84896087646484,82.97425079345703,50.36178970336914
2021-05-12,119.89262390136719,308.90802001953125,146.8384246826172,139.47128295898438,307.9073486328125,379.6801452636719,196.6300048828125,42.68014144897461,21.968936920166016,33.81047439575195,63.27437973022461,61.378536224365234,112.7742919921875,80.16499328613281,50.63165283203125
2021-05-13,122.04106903076172,312.9991455078125,148.37489318847656,143.05882263183594,310.2878723144531,384.2409973144531,190.56333923339844,43.40226364135742,21.701223373413086,34.35402297973633,64.11283111572266,62.24251937866211,113.79337310791016,80.73262786865234,50.00760269165039
2021-05-14,124.46293640136719,316.5019226074219,148.60186767578125,145.28224182128906,317.1380615234375,390.14117431640625,196.5800018310547,43.80412673950195,22.374685287475586,34.8975715637207,65.52470397949219,62.51582717895508,114.36775970458984,82.13246154785156,51.24726486206055
2021-05-17,123.31059265136719,315.9410400390625,148.75022888183594,145.8668670654297,315.21417236328125,389.1484680175781,192.27667236328125,43.606327056884766,22.893373489379883,34.96205139160156,65.0428237915039,62.42767333984375,114.1546630859375,81.98331451416016,52.444740295410156
2021-05-18,121.92387390136719,313.60589599609375,148.8026580810547,143.81179809570312,313.0863037109375,385.7956848144531,192.6233367919922,44.55450439453125,22.362133026123047,34.47378158569336,64.52241516113281,62.23372268676758,114.19174194335938,81.34354400634766,50.960540771484375
2021-05-19,121.76763916015625,312.0705261230469,148.47964477539062,142.71334838867188,313.4458312988281,384.78424072265625,187.82000732421875,44.557647705078125,21.805803298950195,34.26189041137695,64.74889373779297,62.03095626831055,113.9971923828125,80.66045379638672,49.737754821777344
2021-05-20,124.32621765136719,313.98291015625,149.34393310546875,142.46534729003906,319.5088806152344,388.9237976074219,195.5933380126953,44.71461868286133,21.772336959838867,34.280311584472656,65.9872817993164,62.60401153564453,115.1922836303711,81.48785400390625,49.619693756103516
2021-05-21,122.49027252197266,315.1095275878906,149.24789428710938,144.0863800048828,317.740478515625,388.60528564453125,193.6266632080078,44.5042724609375,21.818349838256836,34.621185302734375,65.62589263916016,62.6128044128418,115.21080780029297,81.07896423339844,49.687156677246094
2021-05-24,124.12114715576172,316.8783264160156,149.81887817382812,144.86587524414062,323.0845642089844,392.5668029785156,202.14666748046875,44.50741195678711,22.035863876342773,34.78701400756836,66.79202270507812,62.79793930053711,115.32199096679688,81.88232421875,50.2690315246582
2021-05-25,123.92584228515625,316.1596984863281,149.40599060058594,143.3688507080078,323.5315246582031,391.6958312988281,201.56333923339844,44.68950653076172,21.588285446166992,34.43693161010742,66.81129455566406,62.8155632019043,114.97919464111328,82.14205169677734,49.130577087402344
2021-05-26,123.87699127197266,316.2427062988281,148.51882934570312,143.35118103027344,324.65869140625,392.4731750488281,206.3766632080078,44.63612365722656,21.78070640563965,34.53826904296875,66.80648803710938,62.68333053588867,114.31217956542969,82.9261474609375,49.704017639160156
2021-05-27,122.34378814697266,317.4681701660156,148.29037475585938,145.58343505859375,323.444091796875,392.6792297363281,210.28334045410156,44.48543167114258,21.797435760498047,34.934417724609375,66.45472717285156,62.2954216003418,114.06204223632812,83.25807189941406,49.383567810058594
2021-05-28,121.68950653076172,318.4261779785156,148.6769256591797,145.4859619140625,324.4643249511719,393.3817138671875,208.4066619873047,44.59217834472656,21.839263916015625,34.9989128112793,66.69083404541016,62.42767333984375,114.50670623779297,83.14261627197266,49.22333908081055
2021-06-01,121.36724853515625,318.6379089355469,145.4090576171875,147.08929443359375,323.38580322265625,393.03509521484375,207.96665954589844,44.476009368896484,22.68004035949707,35.21080017089844,66.3631820678711,62.21607971191406,112.6260757446289,82.9838638305664,50.985836029052734
2021-06-02,122.12894439697266,319.0894470214844,145.9976348876953,147.09814453125,324.0173034667969,393.65325927734375,201.7066650390625,44.37868881225586,23.102519989013672,35.26607131958008,66.8209457397461,62.44530487060547,112.40372467041016,82.59906005859375,51.39061737060547
2021-06-03,120.64456939697266,318.7762451171875,145.85711669921875,147.1956024169922,320.6457824707031,392.1922302246094,190.94667053222656,44.45718002319336,23.16526222229004,35.3489875793457,66.1993408203125,62.833221435546875,112.74649810791016,81.61772918701172,51.59300994873047
2021-06-04,122.93948364257812,320.5081481933594,145.79562377929688,147.4347686767578,326.0870056152344,395.7792053222656,199.68333435058594,44.53566360473633,23.320035934448242,35.44111251831055,67.4714584350586,63.05360794067383,113.10780334472656,82.27194213867188,51.820701599121094
2021-06-07,122.94925689697266,319.30133056640625,144.8029327392578,146.74383544921875,327.0587158203125,395.39520263671875,201.7100067138672,44.23740005493164,23.219642639160156,35.21080017089844,67.4570083618164,62.94783020019531,113.51544952392578,82.27194213867188,51.48337173461914
2021-06-08,123.76959991455078,319.071044921875,143.52920532226562,146.15921020507812,327.2141418457031,395.47943115234375,201.19667053222656,43.90147018432617,23.42042350769043,35.1186637878418,67.46182250976562,62.41884994506836,113.16340637207031,82.93577575683594,52.39414596557617
2021-06-09,124.15042877197266,317.6430358886719,145.46177673339844,144.33441162109375,327.2919006347656,394.889404296875,199.5933380126953,43.66598892211914,23.27402114868164,34.78701400756836,67.51004028320312,62.11911392211914,114.25658416748047,82.47879028320312,52.83265686035156
2021-06-10,123.15433502197266,317.8181457519531,146.77064514160156,142.08445739746094,330.70233154296875,396.7250671386719,203.3733367919922,43.91716003417969,23.24473762512207,34.38165283203125,68.00634765625,62.507022857666016,116.21137237548828,82.86842346191406,52.91698455810547
2021-06-11,124.36528778076172,317.94696044921875,144.90835571289062,141.98696899414062,331.5671081542969,397.380615234375,203.29666137695312,44.190311431884766,23.16526222229004,34.602760314941406,68.41111755371094,62.54228210449219,115.3868408203125,83.32061004638672,52.42788314819336
2021-06-14,127.42192077636719,317.191650390625,145.26852416992188,139.57762145996094,334.7444763183594,398.2702331542969,205.89666748046875,44.13065719604492,23.064870834350586,34.24346160888672,69.1050033569336,62.507022857666016,115.4887466430664,83.34464263916016,52.343544006347656
2021-06-15,126.60164642333984,316.3716735839844,144.4955291748047,137.4604949951172,332.5581970214844,397.53985595703125,199.7866668701172,43.95484161376953,23.50408172607422,34.30795669555664,68.68096160888672,62.35714340209961,115.5257797241211,82.902099609375,54.24940872192383
2021-06-16,127.09967803955078,313.9303283691406,144.44277954101562,138.42601013183594,331.3436584472656,395.3201599121094,201.6233367919922,43.060035705566406,23.37859344482422,34.27111053466797,68.30992126464844,61.528419494628906,115.08110809326172,82.94058227539062,54.055450439453125
2021-06-17,128.70120239257812,311.98651123046875,145.13674926757812,134.43099975585938,335.5509338378906,395.1891174316406,205.53334045410156,43.238990783691406,22.583831787109375,33.25770568847656,69.10018157958984,61.748836517333984,115.96123504638672,83.25326538085938,52.27608108520508
2021-06-18,127.40243530273438,307.1918029785156,142.2906036376953,131.02947998046875,332.9177551269531,389.85784912109375,207.77000427246094,42.43838882446289,21.914554595947266,32.45620346069336,68.46894073486328,60.65561294555664,114.63643646240234,82.81553649902344,50.93524169921875
2021-06-21,129.19927978515625,312.5611572265625,143.92449951171875,133.2528839111328,334.98681640625,395.43902587890625,206.94332885742188,42.8245735168457,22.84844398498535,33.213714599609375,69.20272064208984,61.35128402709961,116.01380920410156,83.4538345336914,52.78205871582031
2021-06-22,130.8398895263672,313.1795654296875,143.73123168945312,133.05801391601562,338.1094665527344,397.5531005859375,207.90333557128906,43.02235794067383,23.000564575195312,33.26921463012695,69.8302993774414,61.440032958984375,116.26495361328125,84.23909759521484,53.79402542114258
2021-06-23,130.5664825439453,312.5611572265625,142.86155700683594,133.8640899658203,338.2747802734375,397.0740051269531,218.85667419433594,42.68642044067383,23.063953399658203,33.333946228027344,69.75306701660156,61.05846405029297,115.78130340576172,84.88948059082031,54.19037628173828
2021-06-24,130.2832794189453,315.51361083984375,143.5116424560547,135.09539794921875,340.3663635253906,399.4229736328125,226.60667419433594,42.98468780517578,23.26255989074707,33.75016403198242,70.19237518310547,61.360172271728516,116.37652587890625,85.17851257324219,54.40962600708008
2021-06-25,129.99032592773438,317.7925109863281,144.2495574951172,136.45953369140625,339.9479675292969,400.84161376953125,223.9566650390625,43.493309020996094,23.385108947753906,34.157135009765625,70.11029815673828,61.83046340942383,116.90665435791016,85.71806335449219,54.527687072753906
2021-06-28,131.62115478515625,316.27020263671875,144.0826416015625,136.70755004882812,344.0823059082031,401.6498107910156,229.57333374023438,43.35830307006836,22.59490394592285,33.90739822387695,70.84408569335938,61.883697509765625,117.0833740234375,85.73733520507812,53.1362419128418
2021-06-29,133.1348419189453,316.3255615234375,144.09140014648438,136.5392303466797,345.3275146484375,401.86590576171875,226.9199981689453,43.10713195800781,22.485029220581055,33.78715896606445,71.36062622070312,61.608619689941406,117.21356201171875,85.94931030273438,52.8073616027832
2021-06-30,133.75006103515625,318.2538146972656,144.71511840820312,137.77938842773438,344.78265380859375,402.2041931152344,226.56666564941406,44.27507019042969,22.763925552368164,33.93515396118164,71.28339385986328,62.087791442871094,117.13916015625,86.01676940917969,53.195274353027344
2021-07-01,134.05276489257812,319.5546569824219,145.78680419921875,139.14352416992188,344.9189758300781,404.4309997558594,225.97332763671875,43.7413330078125,23.16114616394043,34.203372955322266,71.4040756225586,61.90143966674805,118.1808090209961,86.50332641601562,53.34706115722656
2021-07-02,136.67974853515625,321.01226806640625,148.439697265625,139.00990295410156,348.878173828125,407.5223083496094,226.3000030517578,43.989376068115234,23.11043357849121,34.1663818359375,72.34545135498047,62.052284240722656,119.31548309326172,87.2645034790039,53.27117919921875
2021-07-06,138.69149780273438,319.056396484375,147.55247497558594,136.67568969726562,350.38592529296875,406.7800598144531,219.86000061035156,43.93599319458008,22.358257293701172,33.62992858886719,72.62062072753906,61.79497146606445,119.20387268066406,87.36567687988281,51.75324249267578
2021-07-07,141.18173217773438,320.0713806152344,148.81744384765625,136.8360595703125,351.1252746582031,408.2176208496094,214.88333129882812,43.86378479003906,21.99484634399414,33.676170349121094,73.0164794921875,62.1232795715332,119.95721435546875,87.31747436523438,50.94367218017578
2021-07-08,139.8828582763672,317.72796630859375,148.52755737304688,134.47512817382812,349.004638671875,404.891357421875,217.60333251953125,43.826107025146484,21.868074417114258,33.000972747802734,72.32612609863281,61.892578125,119.29688262939453,87.10069274902344,50.71597671508789
2021-07-09,141.70904541015625,321.74114990234375,149.11610412597656,138.77828979492188,351.1836242675781,409.21356201171875,218.98333740234375,44.04901885986328,22.332904815673828,33.95363998413086,72.99232482910156,62.24751663208008,119.70610809326172,87.91486358642578,51.63517379760742
2021-07-12,141.1133575439453,322.9405822753906,148.87893676757812,140.76499938964844,352.5553283691406,410.6792907714844,228.56666564941406,43.97053527832031,22.29909896850586,34.28661346435547,73.0502700805664,62.149906158447266,119.93862915039062,88.51704406738281,51.58457946777344
2021-07-13,142.22662353515625,321.99041748046875,148.69444274902344,138.67137145996094,352.5553283691406,409.279296875,222.84666442871094,44.13693618774414,22.13006591796875,33.91664505004883,73.34957122802734,62.13215637207031,119.82699584960938,87.45718383789062,51.34002685546875
2021-07-14,145.65435791015625,322.36865234375,149.70468139648438,138.19915771484375,353.1875915527344,409.8901062011719,217.7933349609375,44.44147872924805,21.470861434936523,33.75941467285156,73.8902587890625,62.682315826416016,119.71539306640625,87.2982177734375,50.20157241821289
2021-07-15,145.0000762939453,322.8575744628906,147.90386962890625,138.5021209716797,350.70697021484375,408.4900817871094,216.86666870117188,44.476009368896484,21.17083168029785,33.87040328979492,73.28197479248047,62.93962860107422,119.29688262939453,86.82608795166016,49.71245193481445
2021-07-16,142.9590301513672,320.09466552734375,147.6667022705078,135.33934020996094,347.86639404296875,405.2859802246094,214.74000549316406,44.44462585449219,20.570781707763672,33.40793991088867,72.55785369873047,63.037254333496094,119.62240600585938,85.75662231445312,48.33788299560547
2021-07-19,139.1113739013672,313.7617492675781,146.5950164794922,130.93820190429688,345.0162048339844,399.3009033203125,215.4066619873047,44.341007232666016,19.84395980834961,32.473785400390625,71.55854797363281,62.850921630859375,118.3668212890625,84.77384185791016,46.67657470703125
2021-07-20,142.7246551513672,318.5620422363281,147.97415161132812,133.3793487548828,349.0240173339844,405.0229797363281,220.1666717529297,44.54193878173828,20.11017608642578,33.27845764160156,72.62062072753906,62.8686637878418,119.80840301513672,86.33955383300781,47.19099044799805
2021-07-21,141.9922332763672,321.24859619140625,148.88771057128906,136.18572998046875,351.7186279296875,408.3021240234375,218.42999267578125,44.322166442871094,20.8116455078125,33.85191345214844,73.32061767578125,62.70894241333008,120.00372314453125,87.13440704345703,48.708927154541016
2021-07-22,143.35943603515625,321.4978332519531,149.3181915283203,134.4662322998047,354.04364013671875,409.1572265625,216.4199981689453,44.35356903076172,20.57923126220703,33.48194122314453,73.86128997802734,62.60244369506836,120.88726806640625,87.51017761230469,48.16078186035156
2021-07-23,145.0781707763672,323.6303405761719,150.9081573486328,134.2078094482422,358.17791748046875,413.3665771484375,214.4600067138672,44.717769622802734,20.5031681060791,33.53743362426758,74.59507751464844,63.35669708251953,122.28231811523438,88.29063415527344,48.10175323486328
2021-07-26,145.49810791015625,324.4057312011719,150.9784393310547,135.107666015625,358.4600524902344,414.38128662109375,219.2066650390625,44.78055191040039,21.010255813598633,33.731666564941406,74.55645751953125,63.463172912597656,121.4917984008789,88.94580841064453,49.31610107421875
2021-07-27,143.3301239013672,323.676513671875,151.67239379882812,134.9295196533203,354.510498046875,412.4927673339844,214.92666625976562,44.7837028503418,20.815874099731445,33.722415924072266,73.85163116455078,63.596282958984375,122.05912780761719,88.044921875,48.76796340942383
2021-07-28,141.5821075439453,322.5133361816406,151.250732421875,135.1522216796875,355.8724670410156,412.3235778808594,215.66000366210938,44.601593017578125,21.006027221679688,33.676170349121094,73.7599105834961,63.037254333496094,122.49622344970703,87.76069641113281,49.09685516357422
2021-07-29,142.22662353515625,323.8609924316406,151.250732421875,136.3104248046875,356.5047912597656,414.0337219238281,225.78334045410156,44.65812301635742,21.208864212036133,34.046146392822266,74.10267639160156,63.34782028198242,122.79385375976562,88.748291015625,49.695594787597656
2021-07-30,142.4414520263672,322.6240234375,151.26832580566406,135.22349548339844,354.6467590332031,412.02301025390625,229.06666564941406,44.75544738769531,20.87080955505371,33.77790451049805,74.05436706542969,63.45431137084961,122.90543365478516,86.92244720458984,48.54869842529297
2021-08-02,142.1094512939453,321.5809631347656,151.32980346679688,134.6800079345703,354.6759033203125,411.15850830078125,236.55667114257812,44.65183639526367,20.714454650878906,33.78715896606445,73.78887939453125,63.1880989074707,123.07286071777344,87.17295837402344,48.55714416503906
2021-08-03,143.90631103515625,324.1103210449219,153.1920928955078,136.21241760253906,356.8258361816406,414.5035400390625,236.5800018310547,45.154170989990234,21.069419860839844,34.1663818359375,74.2619857788086,63.47205352783203,124.78414916992188,87.81851196289062,49.079986572265625
2021-08-04,143.50592041015625,321.24859619140625,152.2873077392578,134.74241638183594,357.34136962890625,412.4646301269531,236.97332763671875,44.846492767333984,20.498937606811523,33.8796501159668,74.41162109375,62.64681625366211,124.2540054321289,86.96582794189453,47.93309783935547
2021-08-05,143.6133575439453,323.6671142578125,152.5771942138672,136.44410705566406,359.60791015625,415.0766296386719,238.2100067138672,45.67849349975586,20.731353759765625,34.323612213134766,74.82197570800781,62.94852828979492,123.74248504638672,87.79925537109375,48.23668670654297
2021-08-06,142.92872619628906,325.0334167480469,152.0677032470703,140.3195343017578,358.0320129394531,415.7625427246094,233.03334045410156,45.59685134887695,20.9215145111084,35.017295837402344,74.75920867919922,62.94852828979492,123.64017486572266,87.20185852050781,48.79326629638672
2021-08-09,142.87985229492188,324.1657409667969,152.5947723388672,140.16812133789062,358.6935119628906,415.42431640625,237.9199981689453,45.706748962402344,20.625715255737305,35.10978317260742,74.5178451538086,63.179229736328125,124.11450958251953,87.0814208984375,48.23668670654297
2021-08-10,142.4005889892578,325.624267578125,152.6474609375,141.88755798339844,356.8549499511719,415.94110107421875,236.663330078125,46.68003845214844,20.989124298095703,35.479759216308594,73.98199462890625,63.63178253173828,123.82618713378906,87.42347717285156,49.06311798095703
2021-08-11,142.65492248535156,327.6644287109375,152.67384338378906,143.58033752441406,356.2420959472656,416.9746398925781,235.94000244140625,47.09761047363281,21.153932571411133,35.88671875,73.99164581298828,63.844730377197266,122.59856414794922,87.67878723144531,49.20648193359375
2021-08-12,145.6182861328125,327.9321594238281,153.9036407470703,144.14158630371094,357.526123046875,418.2242736816406,240.75,46.97154998779297,21.132802963256836,35.95146560668945,74.41645812988281,63.809268951416016,123.5657730102539,87.71733093261719,49.09518814086914
2021-08-13,145.82369995117188,328.0798645019531,154.8260040283203,142.52903747558594,358.78106689453125,418.9853820800781,239.05667114257812,47.119659423828125,20.883485794067383,35.683231353759766,74.82197570800781,64.3416519165039,124.3377456665039,87.46682739257812,48.59867477416992
2021-08-16,147.79928588867188,329.1692199707031,156.22274780273438,141.59356689453125,358.9367370605469,419.9719543457031,228.72332763671875,47.50409698486328,20.498937606811523,35.59074783325195,75.15990447998047,64.71434783935547,125.75138092041016,87.06214904785156,47.888145446777344
2021-08-17,146.8897247314453,326.63970947265625,157.6545867919922,139.8829803466797,355.77508544921875,417.21893310546875,221.90333557128906,47.48834228515625,20.287656784057617,35.34101867675781,74.53714752197266,64.74983215332031,127.23948669433594,84.99542999267578,47.562843322753906
2021-08-18,143.1439208984375,323.21484375,155.65174865722656,138.60897827148438,352.35101318359375,412.6524353027344,229.663330078125,46.98416519165039,19.86508560180664,34.90631103515625,73.50889587402344,63.94235610961914,125.3049545288086,85.2989501953125,46.56124496459961
2021-08-19,143.47645568847656,322.6240234375,156.864013671875,137.45079040527344,354.0532531738281,413.29144287109375,224.49000549316406,47.302425384521484,19.349546432495117,34.64733123779297,74.2281723022461,64.45701599121094,125.87228393554688,84.75456237792969,45.14017868041992
2021-08-20,144.93368530273438,324.74267578125,157.6282501220703,137.8428192138672,357.720703125,416.58001708984375,226.75332641601562,47.72468948364258,19.39180564880371,34.86006546020508,75.18403625488281,64.56350708007812,126.58844757080078,85.56873321533203,45.148738861083984
2021-08-23,146.42027282714844,326.86041259765625,156.94781494140625,139.6068115234375,363.0709533691406,420.244384765625,235.43333435058594,47.40957260131836,20.118629455566406,35.14678955078125,76.15436553955078,64.35940551757812,126.63494110107422,86.67193603515625,47.00639724731445
2021-08-24,146.33224487304688,327.1285095214844,154.986083984375,140.47100830078125,364.1800537109375,420.9114990234375,236.163330078125,46.921138763427734,20.452457427978516,35.3595085144043,76.06747436523438,63.871360778808594,126.18852996826172,87.28375244140625,47.39162063598633
2021-08-25,145.0999298095703,327.5354309082031,153.96104431152344,143.36647033691406,364.5982360839844,421.7947692871094,237.06666564941406,46.940040588378906,20.608814239501953,35.77573013305664,76.02404022216797,63.76486587524414,125.84437561035156,87.62100219726562,47.47723388671875
2021-08-26,144.29794311523438,325.66754150390625,153.13922119140625,144.10598754882812,362.2830505371094,419.30487060546875,233.72000122070312,46.43270492553711,20.29610824584961,35.60000228881836,75.54611206054688,63.47205352783203,125.35148620605469,86.81163787841797,46.8351936340332
2021-08-27,145.33468627929688,327.8960876464844,152.81227111816406,145.26412963867188,365.8045654296875,423.05377197265625,237.30667114257812,46.1711540222168,20.836999893188477,36.071712493896484,76.27505493164062,63.693885803222656,125.21196746826172,87.60171508789062,47.74261474609375
2021-08-30,149.75537109375,327.4430847167969,153.4573516845703,142.9388885498047,369.90966796875,424.914306640625,243.6366729736328,46.54298782348633,20.591907501220703,35.56300735473633,77.09571838378906,63.97783660888672,125.91880798339844,88.26173400878906,47.22041702270508
2021-08-31,148.49366760253906,327.2950134277344,152.98902893066406,142.50230407714844,369.6080627441406,424.28472900390625,245.24000549316406,46.66905212402344,20.452457427978516,35.51675796508789,76.69023132324219,64.11980438232422,125.75138092041016,88.47367858886719,46.67253494262695
2021-09-01,149.1587371826172,326.9528503417969,153.528076171875,142.29739379882812,370.22088623046875,424.5102233886719,244.69667053222656,46.568206787109375,20.152427673339844,35.31327438354492,76.70954132080078,64.45701599121094,125.78857421875,88.46887969970703,46.03048324584961
2021-09-02,150.273681640625,328.1736145019531,154.57958984375,142.9567108154297,370.04583740234375,425.81622314453125,244.1300048828125,46.81399154663086,20.663745880126953,35.43351745605469,76.6274642944336,64.70549011230469,127.13716125488281,88.46405029296875,47.15193176269531
2021-09-03,150.909423828125,327.49847412109375,154.67677307128906,142.0924530029297,371.18402099609375,425.71295166015625,244.52333068847656,47.03143310546875,20.545427322387695,35.2115364074707,76.9316177368164,64.62560272216797,127.27665710449219,88.41107177734375,46.97216033935547
2021-09-07,153.2468719482422,325.0014953613281,152.27325439453125,141.84304809570312,371.7092590332031,424.19073486328125,250.97332763671875,46.40749740600586,20.422880172729492,34.99879837036133,76.9509048461914,63.88023376464844,126.53263854980469,88.67121887207031,46.698211669921875
2021-09-08,151.70164489746094,324.3450622558594,151.90208435058594,141.21044921875,370.41552734375,423.6739807128906,251.2899932861328,46.46736526489258,20.160884857177734,34.91556167602539,76.65641784667969,64.43038177490234,126.476806640625,88.77237701416016,46.27018737792969
2021-09-09,150.68446350097656,323.031982421875,148.51763916015625,141.8251953125,369.1412048339844,421.86053466796875,251.6199951171875,46.1396369934082,20.20314598083496,35.017295837402344,76.36678314208984,64.05770874023438,125.01666259765625,88.65675354003906,46.304420471191406
2021-09-10,145.69651794433594,320.6181335449219,147.5456085205078,140.19483947753906,366.3395080566406,418.5343933105469,245.42333984375,45.972633361816406,20.194692611694336,34.75831985473633,75.61370086669922,63.782630920410156,123.87269592285156,88.11236572265625,46.21024703979492
2021-09-13,146.2637939453125,323.0224609375,146.51173400878906,142.42213439941406,366.0866394042969,419.60552978515625,247.6666717529297,45.71107482910156,20.77361488342285,35.15603256225586,75.63783264160156,63.94235610961914,123.11005401611328,88.32917022705078,47.400184631347656
2021-09-14,144.86521911621094,320.40545654296875,145.62806701660156,139.93649291992188,365.0457763671875,417.3410949707031,248.163330078125,45.47159194946289,20.473590850830078,34.68433380126953,75.54126739501953,63.649532318115234,123.09149169921875,88.03532409667969,46.72389602661133
2021-09-15,145.75523376464844,322.57879638671875,146.17596435546875,140.9075469970703,367.7597351074219,420.8270568847656,251.94332885742188,45.55037307739258,21.238445281982422,35.017295837402344,76.20265197753906,63.88023376464844,123.89128875732422,88.60375213623047,48.299049377441406
2021-09-16,145.52047729492188,321.98687744140625,145.99920654296875,140.84519958496094,368.0126953125,420.159912109375,252.3300018310547,45.701637268066406,20.997577667236328,34.91556167602539,76.24609375,63.66727828979492,123.57510375976562,89.0084228515625,47.78540802001953
2021-09-17,142.8504638671875,320.3150939941406,145.58389282226562,140.47991943359375,363.6546630859375,416.06707763671875,253.163330078125,45.607093811035156,20.841224670410156,34.75831985473633,75.05850982666016,63.32122039794922,123.69599914550781,88.69527435302734,47.22041702270508
2021-09-20,139.799072265625,314.5321960449219,144.7532501220703,136.27481079101562,356.1404113769531,409.1294860839844,243.38999938964844,44.98000717163086,20.204797744750977,33.9520263671875,73.69137573242188,62.68904113769531,122.40518951416016,86.67132568359375,45.961997985839844
2021-09-21,140.2782745361328,314.26348876953125,145.38949584960938,136.29261779785156,356.5785827636719,408.7430419921875,246.4600067138672,45.0682373046875,20.25184440612793,33.905574798583984,73.72038269042969,62.617610931396484,122.59187316894531,86.80158996582031,45.9192008972168
2021-09-22,142.64512634277344,317.4051208496094,144.8592987060547,138.9030303955078,359.9091796875,412.730224609375,250.64666748046875,44.96424865722656,20.876296997070312,34.47222137451172,74.73111724853516,62.79619598388672,122.79721069335938,87.983642578125,47.26321792602539
2021-09-23,143.60357666015625,322.09423828125,145.68106079101562,143.59812927246094,363.2301025390625,417.7449645996094,251.2133331298828,44.989471435546875,21.607675552368164,35.31753158569336,75.732177734375,63.028350830078125,123.68387603759766,88.876220703125,48.864051818847656
2021-09-24,143.6916046142578,322.3816223144531,145.23927307128906,145.2552490234375,363.57086181640625,418.4329833984375,258.1300048828125,45.11551284790039,21.770198822021484,35.503318786621094,75.785400390625,63.05512237548828,123.17985534667969,89.2091293334961,49.30064392089844
2021-09-27,142.1756591796875,323.0674133300781,144.18768310546875,148.7654571533203,360.6688232421875,417.23590087890625,263.78668212890625,44.82560348510742,22.544349670410156,35.986351013183594,75.05029296875,62.76941680908203,121.42522430419922,89.68678283691406,50.764503479003906
2021-09-28,138.79168701171875,317.7943115234375,143.8695526123047,147.96363830566406,350.4627990722656,408.8279113769531,259.1866760253906,44.274139404296875,22.621335983276367,35.391841888427734,72.82572174072266,62.0283088684082,119.34391021728516,87.95952606201172,51.29526901245117
2021-09-29,139.6914520263672,318.5820617675781,144.93882751464844,147.8478240966797,349.8882141113281,409.5158996582031,260.4366760253906,44.255226135253906,22.621335983276367,35.419715881347656,72.73384857177734,62.59083938598633,120.28656005859375,88.04637908935547,51.26102828979492
2021-09-30,138.39068603515625,313.5035400390625,142.71197509765625,145.83436584472656,348.60272216796875,404.5107421875,258.49334716796875,43.921207427978516,22.2791748046875,34.86235809326172,72.2115478515625,61.465782165527344,118.81192779541016,86.57965087890625,50.35359573364258
2021-10-01,139.5154266357422,318.0353698730469,141.8018341064453,148.89906311035156,350.7646484375,409.3179931640625,258.40667724609375,43.18698501586914,23.027658462524414,35.43828582763672,73.29966735839844,61.62651443481445,118.83991241455078,87.23099517822266,52.15989303588867
2021-10-04,136.08255004882812,315.0975646972656,140.69723510742188,148.7387237548828,343.4023132324219,404.0394592285156,260.510009765625,42.77102279663086,23.404035568237305,35.13174819946289,71.60220336914062,61.430084228515625,117.02926635742188,86.54106903076172,52.836185455322266
2021-10-05,138.00927734375,317.98895263671875,141.01535034179688,151.1676788330078,348.037841796875,408.243408203125,260.1966552734375,43.051483154296875,23.54090118408203,35.81915283203125,72.62260437011719,61.742591857910156,117.72925567626953,86.88841247558594,52.750572204589844
2021-10-06,138.8797149658203,318.9064636230469,141.30694580078125,151.49032592773438,350.26800537109375,409.9401550292969,260.9166564941406,43.366600036621094,23.292831420898438,35.856300354003906,73.09654235839844,62.34083557128906,117.51459503173828,87.1634521484375,51.783226013183594
2021-10-07,140.14134216308594,322.15924072265625,142.5706024169922,152.44932556152344,353.4817810058594,413.4842834472656,264.53668212890625,43.8770866394043,23.47246742248535,36.069950103759766,73.763916015625,62.617610931396484,119.07325744628906,88.51920318603516,51.92876052856445
2021-10-08,139.75991821289062,322.0665588378906,142.20828247070312,152.5658721923828,351.71905517578125,412.730224609375,261.8299865722656,44.009437561035156,24.19529151916504,36.24645233154297,73.48826599121094,62.54617691040039,118.47591400146484,88.11390686035156,53.22996139526367
2021-10-11,139.671875,319.70343017578125,141.60740661621094,149.35719299316406,349.021484375,409.7421569824219,263.9800109863281,43.96847915649414,24.1054744720459,35.88417434692383,73.08203125,62.52833557128906,117.55192565917969,87.75688171386719,52.69921875
2021-10-12,138.40045166015625,318.5914611816406,139.34524536132812,148.20989990234375,347.8041687011719,408.73358154296875,268.5733337402344,43.921207427978516,24.12685775756836,35.772705078125,72.70481872558594,62.55510711669922,116.98260498046875,88.45166015625,52.42527389526367
2021-10-13,137.81365966796875,318.6933288574219,140.67953491210938,144.30210876464844,350.5893249511719,410.20404052734375,270.3599853515625,43.602935791015625,24.1054744720459,35.56834411621094,73.14972686767578,62.67117691040039,117.16927337646484,88.88587951660156,52.27973937988281
2021-10-14,140.60104370117188,323.5494079589844,141.48367309570312,146.5159149169922,357.0460510253906,417.10400390625,272.7733459472656,44.07561492919922,24.400590896606445,36.1628532409668,74.79882049560547,63.37654495239258,118.8492431640625,89.81704711914062,53.07587814331055
2021-10-15,141.65725708007812,327.1062927246094,142.5352783203125,149.3302764892578,359.2957458496094,420.280517578125,281.010009765625,44.28990173339844,24.52034568786621,36.70161819458008,75.39849853515625,63.22475814819336,119.4372329711914,91.19209289550781,53.58095169067383
2021-10-18,143.32969665527344,326.7818908691406,141.49252319335938,149.27650451660156,362.90869140625,421.52484130859375,290.03668212890625,44.64598083496094,24.537452697753906,36.710914611816406,76.03684997558594,62.84976577758789,118.62525177001953,92.30659484863281,53.555274963378906
2021-10-19,145.4911346435547,328.5989074707031,144.8062286376953,151.08702087402344,365.6549987792969,424.77679443359375,288.0899963378906,45.594482421875,24.815467834472656,37.07319641113281,76.791259765625,62.87656784057617,120.18389892578125,92.04605865478516,54.359981536865234
2021-10-20,145.98013305664062,330.054443359375,144.7267303466797,153.12156677246094,365.17779541015625,426.4451904296875,288.6000061035156,46.007293701171875,25.01648712158203,37.37044143676758,76.57847595214844,63.24263381958008,121.90121459960938,91.9785385131836,54.65959548950195
2021-10-21,146.1953125,329.9894714355469,144.3909149169922,151.9205322265625,367.4079284667969,427.5574645996094,298.0,46.26254653930664,24.5545654296875,37.212528228759766,76.87348937988281,63.162269592285156,122.39586639404297,93.3294448852539,53.66657257080078
2021-10-22,145.42269897460938,330.7125549316406,144.6737060546875,153.9640655517578,364.3207092285156,427.1144714355469,303.2266540527344,46.744667053222656,24.785526275634766,37.732723236083984,76.60749053955078,63.65334701538086,122.89051818847656,92.99654388427734,54.034671783447266
2021-10-25,145.373779296875,331.4634094238281,144.99183654785156,153.21116638183594,368.0506286621094,429.405029296875,341.6199951171875,47.28667068481445,25.149080276489258,37.686275482177734,76.85897064208984,63.608726501464844,123.03983306884766,95.30277252197266,55.08761978149414
2021-10-26,146.0388641357422,331.4169921875,146.46754455566406,153.62347412109375,369.20953369140625,429.79144287109375,339.4766540527344,46.873863220214844,25.294492721557617,37.714141845703125,77.07659912109375,63.831932067871094,123.6465072631836,95.31724548339844,56.36316680908203
2021-10-27,145.5791778564453,329.0810852050781,144.69142150878906,150.4237518310547,370.0665588378906,427.8874206542969,345.9533386230469,46.48942565917969,24.56739044189453,37.091773986816406,77.00890350341797,63.45692443847656,122.66651916503906,95.52951049804688,54.899295806884766
2021-10-28,149.21743774414062,331.2318115234375,143.90492248535156,152.69134521484375,374.1761779785156,432.01605224609375,359.0133361816406,46.779335021972656,24.742755889892578,37.546939849853516,77.78264617919922,63.680145263671875,123.69317626953125,96.79840850830078,55.05338668823242
2021-10-29,146.50831604003906,332.0939025878906,143.9314422607422,152.2700958251953,376.0168151855469,432.892578125,371.3333435058594,47.08500671386719,24.580223083496094,37.398311614990234,78.11634826660156,63.617645263671875,124.8971939086914,97.04930114746094,55.19035720825195
2021-11-01,145.68673706054688,332.9281921386719,144.05516052246094,152.189453125,377.3023681640625,433.6372985839844,402.86334228515625,47.20159149169922,25.00365447998047,37.41688537597656,78.0002670288086,63.71585464477539,124.74785614013672,98.82963562011719,56.183387756347656
2021-11-02,146.7234649658203,334.2630920410156,146.32618713378906,152.78994750976562,378.8799743652344,435.3905029296875,390.6666564941406,47.17953109741211,24.76841926574707,37.5097770690918,78.68701171875,64.14443969726562,125.5318374633789,98.16382598876953,55.4899787902832
2021-11-03,148.16119384765625,335.18096923828125,145.85781860351562,152.84371948242188,382.9020690917969,438.0487060546875,404.6199951171875,47.32448959350586,24.563119888305664,37.64912033081055,79.14640808105469,64.74266815185547,126.26914978027344,99.92965698242188,54.728084564208984
2021-11-04,147.642822265625,334.98626708984375,145.45135498046875,150.83602905273438,387.810302734375,440.113037109375,409.9700012207031,47.67110824584961,24.597335815429688,37.15679168701172,80.38442993164062,64.80516815185547,125.40117645263672,101.27576446533203,55.13899612426758
2021-11-05,148.1717071533203,336.7939453125,144.4174346923828,150.62094116210938,388.18035888671875,441.64007568359375,407.36334228515625,47.34024429321289,24.918113708496094,37.17536544799805,80.80033111572266,65.18018341064453,124.00120544433594,101.92709350585938,55.66117858886719
2021-11-08,147.3489990234375,337.7396545410156,143.922607421875,151.52618408203125,387.6544494628906,442.0171203613281,387.64666748046875,47.037723541259766,25.144798278808594,37.379737854003906,81.2355728149414,64.66229248046875,124.7385025024414,100.48451232910156,56.26042938232422
2021-11-09,147.7113494873047,336.77532958984375,143.60446166992188,150.37893676757812,384.9860534667969,440.5560607910156,341.1666564941406,47.20159149169922,25.24744415283203,37.17536544799805,80.9018783569336,64.8855209350586,124.28119659423828,98.62698364257812,56.80832290649414
2021-11-10,144.8807373046875,334.7266540527344,145.1597137451172,150.2355194091797,379.3280029296875,437.01177978515625,355.98333740234375,46.77617645263672,24.580223083496094,37.110347747802734,79.567138671875,65.08197784423828,124.63585662841797,98.26031494140625,55.68914794921875
2021-11-11,144.83177185058594,333.2340393066406,144.09046936035156,150.2265625,380.3797607421875,437.15325927734375,354.5033264160156,46.79508972167969,24.674320220947266,37.212528228759766,79.93951416015625,65.03731536865234,124.27185821533203,97.99494934082031,55.79326248168945
2021-11-12,146.9082489013672,334.9212951660156,145.81361389160156,149.55435180664062,384.3822937011719,440.4523010253906,344.47332763671875,46.5619010925293,24.61444091796875,37.29613494873047,80.91156768798828,65.03731536865234,124.88784790039062,98.32303619384766,55.368160247802734
2021-11-15,146.9180145263672,334.8842468261719,144.4969940185547,149.28546142578125,384.294677734375,440.6031494140625,337.7966613769531,46.2940559387207,24.819740295410156,37.29613494873047,80.82935333251953,65.3498306274414,124.11316680908203,98.24100494384766,55.84531021118164
2021-11-16,147.89749145507812,335.5238342285156,143.74591064453125,148.20989990234375,387.03118896484375,442.346923828125,351.57666015625,45.11551284790039,24.858234405517578,37.25897216796875,81.68049621582031,64.93910217285156,124.63585662841797,99.78975677490234,56.40922546386719
2021-11-17,150.3363037109375,333.5956115722656,144.284912109375,147.4122314453125,387.2358093261719,441.27252197265625,363.0033264160156,44.72791290283203,24.477575302124023,36.83168411254883,81.4338607788086,64.79623413085938,124.81317138671875,100.4266128540039,55.79326248168945
2021-11-18,154.6262969970703,333.13226318359375,143.50732421875,146.13949584960938,391.2480163574219,442.7712097167969,365.4599914550781,45.11235427856445,24.332157135009766,36.6458854675293,82.24630737304688,64.56409454345703,124.85986328125,101.56524658203125,55.18596649169922
2021-11-19,157.251220703125,330.5879821777344,143.94024658203125,144.23037719726562,393.429443359375,441.9793395996094,379.0199890136719,44.869720458984375,23.382646560668945,36.24645233154297,82.84597778320312,64.33194732666016,124.1038589477539,102.00430297851562,52.63530731201172
2021-11-22,157.7115936279297,330.85736083984375,142.0457305908203,147.30465698242188,388.8620300292969,440.73516845703125,385.6233215332031,45.622840881347656,23.797523498535156,36.75735092163086,81.92230987548828,64.84088897705078,123.54386901855469,101.74858093261719,53.36406326293945
2021-11-23,158.0935516357422,332.54791259765625,142.9263153076172,150.82708740234375,387.0895690917969,441.319580078125,369.6766662597656,45.94741439819336,24.528905868530273,37.333282470703125,81.73368835449219,65.26946258544922,123.67447662353516,101.01041412353516,54.769535064697266
2021-11-24,158.6126708984375,332.5572204589844,142.5260467529297,149.6439971923828,388.3361511230469,442.4977722167969,372.0,46.177459716796875,24.76841926574707,37.24968719482422,82.32852935791016,65.07303619384766,123.62788391113281,101.21785736083984,55.07318115234375
2021-11-26,153.5880889892578,324.1882019042969,141.6009979248047,145.13565063476562,380.97381591796875,432.6286926269531,360.6400146484375,45.66065979003906,23.77186393737793,36.01422882080078,80.2732162475586,64.2515869140625,123.1705551147461,98.4581298828125,53.13850021362305
2021-11-29,156.9476318359375,326.20379638671875,142.09019470214844,144.50823974609375,389.24188232421875,437.9356384277344,378.9966735839844,44.945343017578125,23.90873146057129,36.12568283081055,82.28015899658203,64.41230773925781,123.50653839111328,99.9875717163086,53.4334831237793
2021-11-30,161.9036407470703,320.3612976074219,138.69248962402344,142.35714721679688,383.5252990722656,429.4144592285156,381.586669921875,44.31510925292969,23.348432540893555,35.26179504394531,81.59344482421875,62.76047897338867,121.07987213134766,98.63662719726562,51.91522979736328
2021-12-01,161.38453674316406,316.2371520996094,140.6048126220703,141.51466369628906,377.00042724609375,424.6448059082031,365.0,43.21534729003906,23.100366592407227,34.87165069580078,80.47632598876953,62.45690155029297,120.8652114868164,96.8563232421875,51.87185287475586
2021-12-02,160.3953094482422,321.94964599609375,139.72425842285156,144.49032592773438,379.7175598144531,431.1487731933594,361.5333251953125,42.68909454345703,23.77186393737793,35.91203689575195,81.21623992919922,63.117618560791016,121.4532241821289,98.23617553710938,53.164527893066406
2021-12-03,158.5147705078125,321.6059875488281,141.7611083984375,141.8731689453125,373.1147155761719,427.39715576171875,338.3233337402344,43.33194351196289,23.58367347717285,35.32681655883789,79.85731506347656,63.90336608886719,121.67720031738281,96.32559204101562,52.82617950439453
2021-12-06,161.92324829101562,327.7179260253906,144.9275665283203,143.5492401123047,376.1045227050781,432.45904541015625,336.336669921875,43.80146408081055,23.934389114379883,35.86559295654297,80.61656188964844,65.02838897705078,122.36787414550781,97.42562103271484,53.424800872802734
2021-12-07,167.66281127929688,332.2877502441406,145.3011016845703,145.70928955078125,387.4304504394531,441.404296875,350.5833435058594,43.65966796875,24.494686126708984,36.50654220581055,83.4311294555664,65.1712417602539,123.94520568847656,99.6980972290039,54.023414611816406
2021-12-08,171.48268127441406,332.5201110839844,146.1728057861328,144.04217529296875,389.1639404296875,442.5731506347656,356.32000732421875,43.21849822998047,24.490407943725586,36.31147766113281,83.81317138671875,64.96590423583984,124.87850189208984,99.94896697998047,54.17958068847656
2021-12-09,170.97337341308594,332.6315002441406,147.56033325195312,143.818115234375,383.437744140625,439.5851135253906,334.6000061035156,43.81962966918945,24.30221939086914,36.237159729003906,82.9088363647461,65.14446258544922,125.16783905029297,98.21688842773438,54.318397521972656
2021-12-10,175.76287841796875,334.6007080078125,147.19564819335938,143.2445068359375,387.60577392578125,443.72314453125,339.010009765625,44.620079040527344,24.481853485107422,36.274314880371094,84.57244873046875,66.24271392822266,125.60651397705078,98.9020004272461,54.66542434692383
2021-12-13,172.129150390625,331.63775634765625,149.82846069335938,141.54153442382812,382.0060729980469,439.7925109863281,322.13665771484375,45.42371368408203,23.801803588867188,35.88417434692383,83.31507873535156,67.10880279541016,126.79183197021484,96.35455322265625,53.468177795410156
2021-12-14,170.7480926513672,330.82952880859375,151.4650421142578,142.6260528564453,378.0522766113281,436.7666931152344,319.5033264160156,45.85715866088867,23.703426361083984,36.09782028198242,81.94647216796875,67.1534423828125,126.27849578857422,95.79488372802734,53.390106201171875
2021-12-15,175.6160125732422,334.2104797363281,152.22108459472656,141.55943298339844,386.67083740234375,443.5912170410156,325.3299865722656,46.11977005004883,23.587947845458984,36.20000457763672,84.11785125732422,67.83202362060547,128.86378479003906,97.01070404052734,53.155853271484375
2021-12-16,168.72064208984375,333.8668212890625,153.88433837890625,143.77330017089844,376.727783203125,439.6794128417969,308.97332763671875,45.3509407043457,23.73764991760254,36.65517807006836,81.73368835449219,68.3141860961914,129.6291046142578,94.86854553222656,53.242610931396484
2021-12-17,167.62364196777344,329.0762634277344,149.6327667236328,140.50184631347656,374.8482666015625,434.9999694824219,310.8566589355469,43.89873123168945,23.25433921813965,35.847015380859375,81.18721771240234,67.14452362060547,128.7238006591797,94.2220230102539,52.0800666809082
2021-12-20,166.26223754882812,325.0190734863281,149.20582580566406,137.97433471679688,371.2120666503906,430.3743896484375,299.9800109863281,44.041099548339844,22.966230392456055,35.15072250366211,80.22159576416016,67.16429138183594,127.94427490234375,92.700927734375,51.325294494628906
2021-12-21,169.43568420410156,330.26751708984375,148.7255401611328,139.9013214111328,379.51995849609375,438.01739501953125,312.84332275390625,44.17398452758789,23.620431900024414,35.87875747680664,82.25170135498047,67.07439422607422,128.47830200195312,95.1023941040039,52.487831115722656
2021-12-22,172.0311737060547,332.5752868652344,149.3659210205078,140.44805908203125,384.14190673828125,442.39703369140625,336.2900085449219,44.23093795776367,23.772066116333008,36.046756744384766,83.32732391357422,67.49691772460938,129.97738647460938,96.83708953857422,52.912940979003906
2021-12-23,172.6580352783203,334.4084167480469,149.65057373046875,140.9499969482422,387.03802490234375,445.14971923828125,355.6666564941406,44.13285446166992,23.785066604614258,36.233436584472656,83.79247283935547,67.64974212646484,130.5113983154297,98.18034362792969,52.93896484375
2021-12-27,176.62484741210938,337.72137451171875,150.91360473632812,141.75665283203125,393.4346923828125,451.4494323730469,364.64666748046875,44.53466033935547,24.30495834350586,36.606781005859375,85.59001922607422,68.36896514892578,131.88868713378906,99.13707733154297,53.693748474121094
2021-12-28,175.60621643066406,338.7169494628906,151.5184326171875,142.1868896484375,391.6112060546875,451.08050537109375,362.8233337402344,45.173770904541016,24.287626266479492,36.625450134277344,85.14427947998047,68.75553131103516,131.54200744628906,99.18055725097656,53.52022933959961
2021-12-29,175.6943817138672,339.5079040527344,152.58575439453125,142.1151580810547,391.5527038574219,451.6576232910156,362.0633239746094,45.151615142822266,24.131664276123047,36.57877731323242,85.21695709228516,69.0701675415039,132.2915496826172,99.37867736816406,53.0517463684082
2021-12-30,174.53860473632812,338.79150390625,153.26173400878906,142.04345703125,390.38262939453125,450.4089660644531,356.7799987792969,45.29715347290039,23.984355926513672,36.51343536376953,84.6549072265625,68.85440826416016,132.56324768066406,99.02111053466797,52.739418029785156
2021-12-31,173.92160034179688,338.093505859375,152.1588134765625,141.9269561767578,387.94482421875,449.2738342285156,352.260009765625,45.7780647277832,24.04500961303711,36.44810104370117,84.24307250976562,69.32188415527344,132.0010986328125,98.78434753417969,53.08644485473633
2022-01-03,178.27032470703125,340.2896423339844,152.5768585205078,144.92950439453125,391.6794128417969,451.8751525878906,399.9266662597656,45.765411376953125,24.790185928344727,36.89613342285156,85.04252624511719,69.3128890991211,130.642578125,101.62069702148438,55.12523651123047
2022-01-04,176.00778198242188,342.3275451660156,152.16770935058594,150.4237518310547,386.5992126464844,451.7237243652344,383.1966552734375,44.92698287963867,25.648008346557617,37.866825103759766,84.14131927490234,69.78038787841797,128.918701171875,101.00220489501953,57.19872283935547
2022-01-05,171.3260040283203,338.8100280761719,153.1817169189453,147.6736602783203,374.722412109375,443.04974365234375,362.7066650390625,45.53444290161133,25.6436767578125,37.42814254760742,81.55400848388672,69.71744537353516,128.00048828125,98.27698516845703,57.910118103027344
2022-01-06,168.46595764160156,337.2280578613281,152.6569366455078,149.2425994873047,374.4590759277344,442.63360595703125,354.8999938964844,45.40788650512695,26.215560913085938,37.97883987426758,81.14214324951172,69.52867889404297,126.52019500732422,98.02090454101562,59.27220916748047
2022-01-07,168.63250732421875,337.15374755859375,154.72044372558594,150.7213134765625,370.40264892578125,440.88360595703125,342.32000732421875,45.841346740722656,26.575151443481445,38.42684555053711,80.39599609375,69.60057830810547,125.87372589111328,96.38770294189453,59.7580451965332
2022-01-10,168.65208435058594,335.73919677734375,153.9555206298828,150.86558532714844,370.6464538574219,440.3349304199219,352.7066650390625,45.752750396728516,26.49283790588379,38.296180725097656,80.41053771972656,69.05217742919922,127.16666412353516,95.7981948852539,59.40234375
2022-01-11,171.48268127441406,337.3677673339844,152.3189239501953,151.0188446044922,376.21429443359375,444.34564208984375,354.79998779296875,45.62303924560547,27.393978118896484,38.6321907043457,81.3747329711914,68.97126770019531,128.1785125732422,96.7210922241211,61.900936126708984
2022-01-12,171.9234161376953,337.7492370605469,151.02032470703125,151.87542724609375,377.7062072753906,445.5469970703125,368.739990234375,45.3825798034668,27.44597053527832,38.660186767578125,81.75749969482422,68.99825286865234,127.81311798095703,97.35892486572266,61.718753814697266
2022-01-13,168.65208435058594,336.1206970214844,150.10418701171875,151.68606567382812,368.2574768066406,439.4079284667969,343.85333251953125,46.02485656738281,27.307331085205078,38.51084899902344,79.64014434814453,69.1241226196289,125.82686614990234,95.40196990966797,61.27629470825195
2022-01-14,169.51402282714844,334.2038269042969,149.28587341308594,142.36293029785156,370.5489501953125,439.587646484375,349.8699951171875,45.89512634277344,27.948528289794922,38.10950469970703,80.31362915039062,69.24996185302734,125.61138916015625,94.95744323730469,62.35206985473633
2022-01-18,166.31118774414062,329.28125,148.627685546875,136.3939666748047,361.32452392578125,431.8027648925781,343.5033264160156,45.09151077270508,28.06117820739746,37.26013946533203,78.38524627685547,68.25208282470703,123.84996032714844,93.15996551513672,63.40184020996094
2022-01-19,162.8145294189453,326.02410888671875,148.16517639160156,134.28404235839844,357.3558654785156,427.31903076171875,331.8833312988281,45.540771484375,27.857553482055664,36.63478469848633,77.29023742675781,68.68360900878906,123.34407043457031,91.47843933105469,63.4278450012207
2022-01-20,161.12985229492188,323.2137451171875,146.9822235107422,133.13894653320312,352.7143249511719,422.5894775390625,332.0899963378906,44.680206298828125,27.601938247680664,36.40143966674805,76.29214477539062,68.2341079711914,122.53832244873047,89.8114013671875,63.5666618347168
2022-01-21,159.07305908203125,318.8162841796875,146.6442108154297,130.81265258789062,342.9340515136719,414.2937316894531,314.6333312988281,44.35432434082031,27.05605125427246,35.65474319458008,74.77560424804688,68.28803253173828,121.3016128540039,87.17801666259766,62.612342834472656
2022-01-24,158.29931640625,320.1760559082031,144.95425415039062,130.69546508789062,344.50396728515625,416.05316162109375,310.0,44.35749435424805,27.23801040649414,35.75741195678711,75.1632080078125,68.06328582763672,120.89873504638672,88.2265396118164,63.15024948120117
2022-01-25,156.4970703125,319.38446044921875,149.09912109375,132.12010192871094,336.517822265625,410.97357177734375,306.1333312988281,43.39250564575195,28.295129776000977,35.90675354003906,73.42378234863281,67.30814361572266,120.12110137939453,86.73345947265625,65.0068359375
2022-01-26,156.4088897705078,317.98748779296875,149.76622009277344,133.3734130859375,335.99127197265625,409.9425354003906,312.4700012207031,42.94956588745117,28.247467041015625,36.000083923339844,73.8550033569336,66.79569244384766,119.49335479736328,86.3130874633789,64.34747314453125
2022-01-27,155.94857788085938,318.0714111328125,151.7318878173828,131.02008056640625,332.60772705078125,407.9181823730469,276.3666687011719,42.97804260253906,28.555078506469727,35.67340850830078,73.34626770019531,67.24520874023438,119.80255126953125,84.2208480834961,65.17166137695312
2022-01-28,166.83030700683594,323.2491149902344,152.79920959472656,132.1922149658203,343.0412902832031,418.049072265625,282.1166687011719,43.50957489013672,28.433765411376953,36.140098571777344,76.55377960205078,68.03632354736328,122.24787139892578,86.05699157714844,65.31047058105469
2022-01-31,171.1888427734375,326.94622802734375,153.2439727783203,133.98651123046875,354.01123046875,425.57861328125,312.239990234375,44.234100341796875,28.559410095214844,36.45743942260742,78.47730255126953,68.29704284667969,122.95055389404297,89.36687469482422,65.9004135131836
2022-02-01,171.0223846435547,329.6095886230469,151.98980712890625,136.2857208251953,356.41973876953125,428.4541931152344,310.4166564941406,44.582122802734375,29.5775203704834,36.961463928222656,78.68081665039062,68.2341079711914,123.27845764160156,89.90806579589844,70.12547302246094
2022-02-02,172.2270965576172,331.5559997558594,153.67088317871094,135.1947021484375,359.31585693359375,432.6162109375,301.88665771484375,44.56313705444336,29.672840118408203,37.213462829589844,79.32038116455078,69.05217742919922,124.93681335449219,89.37171936035156,69.94329833984375
2022-02-03,169.3474884033203,326.8531799316406,153.66200256347656,134.07669067382812,344.7476806640625,422.4476013183594,297.0466613769531,44.607425689697266,29.3912296295166,36.80278396606445,77.01892852783203,69.0701675415039,124.40277862548828,86.63683319091797,69.12777709960938
2022-02-04,169.06307983398438,326.7506408691406,152.6569366455078,137.5570526123047,349.0967102050781,424.4340515136719,307.7733459472656,44.08223342895508,29.8504695892334,37.42814254760742,77.32901000976562,68.22510528564453,123.95306396484375,89.10111236572266,70.62867736816406
2022-02-07,168.34718322753906,326.7786560058594,152.14991760253906,138.01693725585938,346.2884521484375,423.0718994140625,302.4466552734375,43.648773193359375,30.231725692749023,37.5401496887207,76.8154067993164,68.3509750366211,123.737548828125,88.91751861572266,71.4788818359375
2022-02-08,171.4560089111328,330.1683654785156,152.5501708984375,140.6136932373047,350.1790771484375,426.5529479980469,307.3333435058594,43.65827560424805,29.581857681274414,38.062843322753906,77.76506805419922,68.61168670654297,124.74940490722656,90.16897583007812,69.6309585571289
2022-02-09,172.8780059814453,333.08331298828125,152.53240966796875,141.1997833251953,357.5995788574219,432.7960205078125,310.6666564941406,43.5633544921875,29.828805923461914,38.30551528930664,79.48994445800781,68.6296615600586,125.71443176269531,91.36248016357422,69.29763793945312
2022-02-10,168.79830932617188,328.3151550292969,150.69125366210938,140.6136932373047,349.5062255859375,425.02044677734375,301.51666259765625,43.05397415161133,29.642515182495117,37.96950912475586,77.411376953125,67.89248657226562,123.74694061279297,89.7872543334961,68.63096618652344
2022-02-11,165.3854522705078,323.416748046875,149.17027282714844,138.78334045410156,338.4193420410156,416.63970947265625,286.6666564941406,42.816688537597656,30.504671096801758,37.43748092651367,75.04692840576172,67.64974212646484,122.03238677978516,87.2070083618164,70.35901641845703
2022-02-14,165.62081909179688,322.11309814453125,147.29351806640625,137.4939727783203,338.8386535644531,415.277587890625,291.9200134277344,42.380069732666016,29.785484313964844,37.01746368408203,75.02269744873047,67.46097564697266,120.78630828857422,87.7046890258789,69.28008270263672
2022-02-15,169.45535278320312,326.1452941894531,148.8144989013672,139.50469970703125,347.2635192871094,421.9746398925781,307.4766540527344,42.51294708251953,29.473546981811523,37.52149200439453,76.99468994140625,67.57782745361328,122.14480590820312,89.66645812988281,68.41167449951172
2022-02-16,169.2200164794922,325.6332092285156,148.7255401611328,139.75714111328125,347.1757507324219,422.4476013183594,307.7966613769531,42.24718475341797,29.711833953857422,37.54948043823242,76.91718292236328,67.70368194580078,122.33216857910156,89.92254638671875,68.72746276855469
2022-02-17,165.62081909179688,320.054931640625,147.8183135986328,136.5382080078125,336.84942626953125,413.42352294921875,292.1166687011719,43.93985366821289,29.664173126220703,36.616111755371094,74.61571502685547,68.22510528564453,120.36469268798828,87.5162353515625,68.62220764160156
2022-02-18,164.0713348388672,318.0207824707031,146.23387145996094,137.17837524414062,333.0074768066406,410.74664306640625,285.6600036621094,43.65827560424805,29.48221206665039,36.606781005859375,73.85986328125,68.3509750366211,119.46526336669922,86.97506713867188,67.85906219482422
2022-02-22,161.14883422851562,313.3855285644531,144.24656677246094,136.93490600585938,329.66290283203125,406.3386535644531,273.84332275390625,43.17103576660156,29.00564193725586,36.42010498046875,73.17668914794922,67.82056427001953,119.16545104980469,84.43830108642578,67.06957244873047
2022-02-23,156.98086547851562,309.1977233886719,144.31822204589844,134.067626953125,321.218505859375,399.13067626953125,254.67999267578125,42.728092193603516,29.304582595825195,35.785400390625,71.34519958496094,67.27217102050781,118.56583404541016,81.6164321899414,67.34150695800781
2022-02-24,159.59933471679688,309.9625549316406,141.5611114501953,130.3347930908203,332.0129089355469,405.13726806640625,266.92333984375,42.563568115234375,29.074970245361328,35.3560676574707,73.78234100341797,66.11245727539062,119.04365539550781,83.4815673828125,66.49064636230469
2022-02-25,161.66860961914062,317.6103515625,148.5970916748047,133.41847229003906,337.1614074707031,414.0762023925781,269.9566650390625,43.14889144897461,29.8418025970459,36.49477005004883,74.78528594970703,68.24309539794922,122.68821716308594,85.13408660888672,68.28009796142578
2022-02-28,161.93341064453125,316.4910888671875,147.3170166015625,127.855224609375,338.16571044921875,413.0168151855469,290.1433410644531,42.76289749145508,30.578317642211914,35.95341873168945,74.64962005615234,67.3351058959961,121.76071166992188,85.73324584960938,68.78886413574219
2022-03-01,160.0504608154297,310.72735595703125,146.80673217773438,123.03133392333984,332.98797607421875,406.7264709472656,288.1233215332031,43.02550506591797,30.88592529296875,34.6280403137207,73.1573257446289,66.93954467773438,121.08611297607422,84.43346405029297,69.4467544555664
2022-03-02,163.34561157226562,316.17413330078125,148.63287353515625,125.58305358886719,338.5753173828125,414.2086181640625,293.2966613769531,43.079280853271484,31.592103958129883,35.52407455444336,74.7416763305664,67.64974212646484,122.91309356689453,86.206787109375,70.63971710205078
2022-03-03,163.02197265625,315.3626708984375,150.81707763671875,124.69038391113281,333.7388610839844,412.1465759277344,279.7633361816406,44.06957244873047,31.67875099182129,35.41206741333008,73.85017395019531,68.19813537597656,123.5407943725586,84.25467681884766,71.08708953857422
2022-03-04,160.0210418701172,313.8144226074219,151.71221923828125,121.1829605102539,328.90234375,408.79803466796875,279.42999267578125,45.18642044067383,32.59290313720703,34.7493782043457,72.55650329589844,68.2071304321289,124.15917205810547,82.91622924804688,73.76249694824219
2022-03-07,156.2257080078125,306.35321044921875,154.1560516357422,116.50335693359375,316.7720642089844,396.7469482421875,268.1933288574219,44.82258224487305,33.07379913330078,33.4799919128418,69.90135955810547,66.96650695800781,121.99492645263672,78.85255432128906,76.42037200927734
2022-03-08,154.40162658691406,304.5437927246094,151.0319061279297,115.68282318115234,315.29962158203125,393.73895263671875,274.79998779296875,43.89556884765625,33.59368896484375,33.28397750854492,69.56219482421875,65.15953063964844,119.50274658203125,79.016845703125,76.99931335449219
2022-03-09,159.80526733398438,310.95111083984375,151.6048583984375,120.3173599243164,326.6497802734375,404.2954406738281,286.3233337402344,44.12336349487305,32.56690979003906,34.50669860839844,72.31423950195312,65.60002136230469,121.76071166992188,81.55843353271484,72.62216186523438
2022-03-10,155.4607696533203,309.7480773925781,151.87338256835938,118.89273834228516,323.0224609375,402.46978759765625,279.4333190917969,45.126304626464844,33.56336212158203,34.21736145019531,71.04964447021484,64.97972869873047,121.71383666992188,82.13829803466797,74.87653350830078
2022-03-11,151.74391174316406,307.7987365722656,151.59588623046875,116.21481323242188,316.32342529296875,397.3523864746094,265.1166687011719,44.949127197265625,33.29474639892578,33.97468185424805,69.79961395263672,64.22457122802734,120.80503845214844,80.55823516845703,74.4905776977539
2022-03-14,147.7132568359375,307.8453063964844,153.6905517578125,117.36890411376953,310.2485656738281,394.4483642578125,255.4566650390625,45.57557678222656,32.298301696777344,34.40402603149414,68.50593566894531,64.56617736816406,121.6576156616211,79.21495056152344,71.82393646240234
2022-03-15,152.09693908691406,313.5533447265625,157.67404174804688,119.45174407958984,319.9801330566406,403.1224670410156,267.2966613769531,46.122920989990234,31.115550994873047,34.88936996459961,70.80738830566406,66.0135726928711,124.08421325683594,81.86768341064453,67.73624420166016
2022-03-16,156.51011657714844,318.3752746582031,156.22386169433594,124.78958129882812,331.84710693359375,412.0613708496094,280.07666015625,45.98688507080078,30.972572326660156,35.86943054199219,73.10885620117188,66.08549499511719,125.57389831542969,84.66056060791016,67.48187255859375
2022-03-17,157.52020263671875,322.1898193359375,158.26487731933594,126.36750030517578,335.864501953125,417.2166442871094,290.5333251953125,46.056758880615234,32.0383415222168,36.317440032958984,73.62730407714844,66.54397583007812,127.5601577758789,86.07148742675781,69.28008270263672
2022-03-18,160.8153839111328,324.5379333496094,156.5102996826172,126.3223876953125,342.73907470703125,421.7864074707031,301.7966613769531,46.193321228027344,32.008026123046875,36.40143966674805,75.1341552734375,66.69681549072266,128.34715270996094,87.88348388671875,69.0081558227539
2022-03-21,162.1884002685547,322.9021911621094,157.3965301513672,125.91663360595703,341.7861022949219,421.66302490234375,307.0533447265625,45.809024810791016,33.298316955566406,36.36582946777344,74.9914321899414,66.78260040283203,128.2494659423828,87.14741516113281,72.10462188720703
2022-03-22,165.56204223632812,325.4258728027344,156.65357971191406,128.59458923339844,348.50311279296875,426.5970153808594,331.32666015625,45.67245101928711,33.053382873535156,36.95615768432617,76.06905364990234,67.27928924560547,128.277587890625,89.31060028076172,71.788818359375
2022-03-23,166.92518615722656,321.0045166015625,156.06271362304688,126.03388977050781,343.4947204589844,421.1031799316406,333.03668212890625,45.084869384765625,33.621986389160156,36.27212905883789,74.8991928100586,66.73745727539062,125.9749984741211,88.20238494873047,72.92040252685547
2022-03-24,170.71070861816406,324.4163818359375,156.86839294433594,126.8543930053711,351.1294250488281,427.45098876953125,337.97332763671875,45.36436462402344,33.70508575439453,36.5626106262207,76.84571075439453,67.20704650878906,127.47877502441406,88.88957214355469,73.13970184326172
2022-03-25,171.34814453125,325.7998046875,158.37228393554688,127.96342468261719,350.8365783691406,429.5385437011719,336.8800048828125,45.5612907409668,34.444271087646484,37.031124114990234,76.8020248413086,67.76695251464844,128.07086181640625,88.7347183227539,74.73616790771484
2022-03-28,172.21112060546875,326.68780517578125,159.18685913085938,127.0167007446289,356.2648010253906,432.5938415527344,363.9466552734375,46.37119674682617,33.591365814208984,36.928043365478516,77.71459197998047,68.04691314697266,129.0012664794922,91.10115814208984,72.63970947265625
2022-03-29,175.5063018798828,329.9407043457031,159.10626220703125,127.29618072509766,362.3959655761719,437.9454040527344,366.5233459472656,46.76184844970703,33.50389099121094,37.01238250732422,79.364990234375,68.65198516845703,129.76254272460938,92.68846893310547,72.25374603271484
2022-03-30,174.33926391601562,329.146240234375,160.7623748779297,126.71913146972656,358.3931884765625,435.2412109375,364.663330078125,47.600345611572266,33.893165588378906,36.75000762939453,78.30679321289062,68.6971435546875,130.0163116455078,91.28022766113281,73.4905776977539
2022-03-31,171.2402801513672,324.2012939453125,158.6497802734375,122.9141616821289,353.9509582519531,428.5422668457031,359.20001220703125,47.29861068725586,33.43391036987305,35.90668869018555,77.14666748046875,68.53457641601562,128.74752807617188,89.52838134765625,72.44671630859375
2022-04-01,170.94607543945312,325.3044128417969,159.50914001464844,122.00347137451172,353.27728271484375,429.7567443847656,361.5299987792969,47.96242141723633,33.70508575439453,35.81298828125,76.91851806640625,69.22089385986328,129.76254272460938,89.63968658447266,72.9116439819336
2022-04-04,174.996337890625,326.4540710449219,157.96942138671875,122.54447937011719,360.5508117675781,433.4383239746094,381.8166809082031,47.97195816040039,33.74882507324219,35.6536979675293,78.37960815429688,69.0041732788086,128.6817169189453,91.65287017822266,72.94671630859375
2022-04-05,171.6815643310547,323.743408203125,158.9899444580078,121.11836242675781,352.54510498046875,427.9634094238281,363.7533264160156,48.108516693115234,33.21958923339844,35.42881393432617,76.72921752929688,69.06739044189453,128.95428466796875,89.50418090820312,72.56953430175781
2022-04-06,168.51388549804688,322.2571105957031,163.1255645751953,119.43795013427734,344.89080810546875,423.68408203125,348.586669921875,49.22651290893555,33.41641616821289,35.18518829345703,74.91377258300781,69.94336700439453,130.91854858398438,87.22000122070312,73.37654876708984
2022-04-07,168.8179168701172,323.3976135253906,162.704833984375,119.07456970214844,345.71087646484375,425.81903076171875,352.4200134277344,49.71880340576172,33.85379409790039,35.147701263427734,75.03028106689453,70.79227447509766,133.43728637695312,87.66521453857422,74.60462188720703
2022-04-08,166.80751037597656,324.7061767578125,163.02708435058594,121.25460052490234,340.87811279296875,424.6803894042969,341.8299865722656,49.99513626098633,34.785430908203125,35.50376892089844,73.98178100585938,71.09028625488281,134.23614501953125,86.85704040527344,76.17476654052734
2022-04-11,162.55123901367188,320.8081970214844,160.98614501953125,120.80953979492188,332.81396484375,417.421630859375,325.30999755859375,49.00419235229492,33.74007797241211,35.3444709777832,72.1177978515625,70.80130004882812,131.5670166015625,85.24553680419922,73.5519790649414
2022-04-12,164.4243621826172,319.8922119140625,161.0398406982422,119.48334503173828,331.4079895019531,415.8750305175781,328.98333740234375,48.66752243041992,34.299930572509766,34.96030044555664,71.79742431640625,70.8193588256836,130.28884887695312,85.43426513671875,75.08706665039062
2022-04-13,167.11146545410156,323.2012023925781,161.72015380859375,115.63198852539062,338.14453125,420.6382751464844,340.7900085449219,49.934783935546875,34.811683654785156,34.96030044555664,72.95269012451172,71.21671295166016,130.92794799804688,87.55874633789062,76.14845275878906
2022-04-14,162.1001434326172,321.94439697265625,161.0398406982422,114.56014251708984,330.4121398925781,415.4005432128906,328.3333435058594,49.890323638916016,34.925392150878906,34.56674575805664,71.1809310913086,71.19864654541016,130.29824829101562,86.33438873291016,77.04318237304688
2022-04-18,161.88436889648438,321.76678466796875,159.03466796875,116.68566131591797,330.666015625,415.5713806152344,334.7633361816406,49.509178161621094,35.43714141845703,34.77289962768555,71.41392517089844,70.61164855957031,128.86032104492188,86.59571838378906,77.67475891113281
2022-04-19,164.1693572998047,326.4609680175781,163.88648986816406,119.10184478759766,338.056640625,422.27972412109375,342.7166748046875,50.071353912353516,35.14846420288086,35.250770568847656,72.7536849975586,71.68630981445312,130.0914764404297,89.10736083984375,76.98176574707031
2022-04-20,164.00267028808594,328.71441650390625,164.61154174804688,119.5196762084961,333.12628173828125,421.9666748046875,325.73333740234375,50.70022964477539,35.284053802490234,35.49440002441406,72.68572235107422,72.7609634399414,131.83956909179688,87.96041107177734,77.15721893310547
2022-04-21,163.20831298828125,325.1424560546875,164.13711547851562,118.59317779541016,326.2335510253906,415.65679931640625,336.260009765625,50.77645492553711,34.16434097290039,34.932186126708984,71.4527816772461,72.69778442382812,130.38282775878906,87.10868835449219,76.34143829345703
2022-04-22,158.6676483154297,316.3151550292969,162.50790405273438,115.18687438964844,317.6907958984375,404.2514953613281,335.01666259765625,49.8204460144043,33.32892990112305,33.89208984375,69.45286560058594,71.55987548828125,125.62727355957031,85.0858154296875,74.67477416992188
2022-04-25,159.73663330078125,318.45648193359375,166.5093231201172,115.15055847167969,321.77191162109375,406.59515380859375,332.67333984375,49.845848083496094,32.226715087890625,33.948307037353516,70.49650573730469,71.87596130371094,126.47312927246094,85.70043182373047,72.15725708007812
2022-04-26,153.7739715576172,310.8728332519531,165.31871032714844,111.7442398071289,309.6265563964844,394.8198547363281,292.1400146484375,49.324974060058594,32.27045822143555,33.095619201660156,67.87042236328125,70.76519012451172,124.24571228027344,81.3643569946289,72.18357849121094
2022-04-27,153.54843139648438,311.41522216796875,163.00921630859375,110.2909164428711,309.2555847167969,395.9299621582031,293.836669921875,48.988311767578125,32.74283218383789,33.06752014160156,68.87522888183594,71.0270767211914,123.97318267822266,81.3740463256836,74.2449722290039
2022-04-28,160.4819793701172,317.26898193359375,164.22662353515625,112.03492736816406,320.2389831542969,405.9309387207031,292.5033264160156,49.61399459838867,33.73570251464844,33.489173889160156,71.63237762451172,72.07463073730469,125.68368530273438,83.04361724853516,76.49055480957031
2022-04-29,154.60755920410156,308.2920227050781,161.54110717773438,108.41973114013672,305.82867431640625,390.929443359375,290.2533264160156,48.5912971496582,32.86967468261719,32.336631774902344,68.6470718383789,70.11495971679688,122.45063781738281,78.82369232177734,74.780029296875
2022-05-02,154.91159057617188,309.2738037109375,159.91197204589844,109.40982818603516,310.9347839355469,393.2826843261719,300.9800109863281,48.2705078125,33.39453887939453,32.346004486083984,69.69072723388672,69.1938247680664,121.68938446044922,79.97545623779297,75.7975845336914
2022-05-03,156.40223693847656,309.750732421875,159.59860229492188,111.75334930419922,311.26678466796875,395.0854797363281,303.0833435058594,48.438846588134766,34.33055114746094,32.76766586303711,69.81208038330078,68.99514770507812,122.0747299194336,79.77703857421875,77.3589859008789
2022-05-04,162.81602478027344,318.48455810546875,161.3084259033203,115.4502944946289,321.7914123535156,407.11700439453125,317.5400085449219,49.10900115966797,35.75643539428711,33.77028274536133,72.2634048461914,70.54843139648438,124.78143310546875,82.11929321289062,80.43787384033203
2022-05-05,153.7445526123047,308.8062438964844,158.22901916503906,112.561767578125,305.5845642089844,392.64697265625,291.09332275390625,48.68822479248047,35.218448638916016,32.78641128540039,68.7878646850586,69.2118911743164,122.3566665649414,77.51704406738281,79.21858215332031
2022-05-06,154.47132873535156,307.7123107910156,157.87991333007812,112.38011932373047,301.92340087890625,390.30322265625,288.54998779296875,47.67455291748047,36.26817321777344,32.552154541015625,68.2344741821289,69.28412628173828,121.97132873535156,76.53466796875,80.42911529541016
2022-05-09,149.3445587158203,301.66229248046875,158.73927307128906,110.69059753417969,290.110107421875,377.8067321777344,262.3699951171875,48.232398986816406,33.267696380615234,31.774425506591797,65.59383392333984,69.25702667236328,118.81350708007812,73.2729263305664,74.08706665039062
2022-05-10,151.7508087158203,300.9420166015625,158.52444458007812,107.99281311035156,293.6346435546875,378.6796875,266.67999267578125,47.553428649902344,33.56949996948242,31.493318557739258,66.59378814697266,68.7784194946289,119.23643493652344,73.05516052246094,74.57827758789062
2022-05-11,143.88381958007812,297.7908020019531,157.6650848388672,107.3115463256836,284.9259338378906,372.6639404296875,244.6666717529297,47.05615234375,34.0200080871582,31.202836990356445,64.49195861816406,68.48039245605469,118.44696807861328,70.43704223632812,76.13090515136719
2022-05-12,140.01417541503906,297.02410888671875,159.2227020263672,107.22074127197266,284.2522888183594,372.27496337890625,242.6666717529297,47.01152801513672,34.16434097290039,30.968584060668945,63.82695388793945,68.46232604980469,119.59355926513672,70.9209976196289,76.47651672363281
2022-05-13,144.48292541503906,301.3161315917969,158.3096160888672,108.17449188232422,294.7866516113281,381.17523193359375,256.5299987792969,47.193214416503906,35.33216857910156,31.41835594177246,65.94818878173828,69.49182891845703,120.8623275756836,73.71331024169922,78.74510955810547
2022-05-16,142.94097900390625,301.8304443359375,159.41064453125,107.42056274414062,291.36962890625,379.62860107421875,241.4566650390625,47.244224548339844,36.2638053894043,31.15598487854004,65.36569213867188,69.80791473388672,121.75516510009766,72.12115478515625,80.59719848632812
2022-05-17,146.57492065429688,305.8701171875,160.0730743408203,110.98126220703125,298.9164733886719,387.4377746582031,253.8699951171875,41.86983108520508,36.6837043762207,31.989938735961914,67.25880432128906,69.32929992675781,123.42807006835938,73.94075775146484,81.62516021728516
2022-05-18,138.3052520751953,295.06982421875,157.1011199951172,109.08281707763672,284.2425537109375,371.8195495605469,236.60333251953125,39.026451110839844,35.74332046508789,31.109140396118164,64.1812973022461,64.86808013916016,120.2420425415039,69.1062240600586,80.33134460449219
2022-05-19,134.89727783203125,292.8536071777344,155.70469665527344,107.46597290039062,282.71942138671875,369.542236328125,236.47332763671875,37.95539855957031,35.61209487915039,30.902992248535156,63.47745132446289,63.71214294433594,120.50520324707031,69.15460968017578,80.76557922363281
2022-05-20,135.1329345703125,292.8394470214844,158.42596435546875,106.58488464355469,281.84075927734375,369.7035217285156,221.3000030517578,37.99683380126953,35.76518630981445,30.846765518188477,63.61820602416992,63.847591400146484,121.97132873535156,67.94961547851562,81.40362548828125
2022-05-23,140.55438232421875,298.8570861816406,161.6602783203125,113.17945098876953,286.527099609375,376.6207275390625,224.96665954589844,39.08064270019531,36.70993423461914,31.849384307861328,65.07929229736328,65.16609191894531,123.04273986816406,68.4577407836914,83.20256042480469
2022-05-24,137.85350036621094,299.3727722167969,163.4260711669922,114.77813720703125,280.4348449707031,373.7456359863281,209.3866729736328,39.568355560302734,36.84990692138672,31.783788681030273,64.11332702636719,66.23172760009766,123.40929412841797,66.69623565673828,83.65450286865234
2022-05-25,138.0106201171875,301.14434814453125,161.82240295410156,115.57747650146484,284.3597106933594,377.0476989746094,219.60000610351562,39.32608413696289,37.61095428466797,32.036781311035156,64.8608627319336,66.24978637695312,123.37168884277344,68.57874298095703,85.33821868896484
2022-05-26,141.21241760253906,305.990234375,161.6782684326172,117.57583618164062,292.238525390625,384.5816650390625,235.91000366210938,40.16444778442383,38.02648162841797,32.777034759521484,66.41905212402344,66.95417785644531,123.8979721069336,71.94209289550781,85.6395263671875
2022-05-27,146.96778869628906,311.2579345703125,163.14675903320312,119.23808288574219,301.77703857421875,394.02276611328125,253.2100067138672,40.95498275756836,38.721923828125,33.32987594604492,68.66650390625,67.73081970214844,125.95622253417969,74.41017150878906,86.48138427734375
2022-05-31,146.18202209472656,309.5052795410156,161.74134826660156,120.11009979248047,300.9764709472656,391.8119812011719,252.75332641601562,41.0027961730957,38.140201568603516,33.236183166503906,68.17622375488281,67.25221252441406,124.27389526367188,74.78764343261719,85.0723648071289
2022-06-01,146.05438232421875,307.78045654296875,160.10166931152344,118.00275421142578,298.7504577636719,388.64276123046875,246.7899932861328,39.98912048339844,38.761287689208984,32.70207595825195,67.97236633300781,66.37621307373047,122.48824310302734,74.00850677490234,86.70291137695312
2022-06-02,148.5097198486328,311.9140930175781,159.5971221923828,119.90117645263672,306.93194580078125,396.0437927246094,258.3333435058594,40.645782470703125,38.638824462890625,33.15184783935547,69.61790466308594,67.3425064086914,123.4562759399414,76.27334594726562,86.55227661132812
2022-06-03,142.7838592529297,308.70843505859375,158.93948364257812,118.22982788085938,298.94573974609375,389.5441589355469,234.51666259765625,39.94768142700195,39.15056228637695,32.6739616394043,67.95295715332031,66.66520690917969,122.00891876220703,74.04238891601562,87.81063079833984
2022-06-06,143.53024291992188,308.8021545410156,158.9214630126953,117.8392562866211,299.9415283203125,390.73028564453125,238.27999877929688,39.804237365722656,39.10681915283203,32.76766586303711,67.95779418945312,66.6922836303711,122.0277328491211,74.78280639648438,87.58908081054688
2022-06-07,146.05438232421875,311.3517150878906,160.66925048828125,118.14810943603516,302.5287780761719,394.478271484375,238.8866729736328,39.32608413696289,40.2746467590332,33.020660400390625,68.76844024658203,67.04448699951172,123.61605834960938,74.59889221191406,91.60343933105469
2022-06-08,145.31777954101562,308.7366027832031,159.71429443359375,116.26781463623047,300.35162353515625,390.1893615722656,241.86666870117188,38.985015869140625,40.362125396728516,32.4397087097168,67.99178314208984,66.22270202636719,122.63861083984375,74.15853881835938,92.68456268310547
2022-06-09,140.09275817871094,302.7564392089844,156.49798583984375,113.82437133789062,292.3068542480469,380.9095458984375,239.7066650390625,38.57699203491211,39.46985626220703,31.62449836730957,66.17632293701172,65.22930908203125,119.86611938476562,72.81803894042969,90.68182373046875
2022-06-10,134.68116760253906,294.66729736328125,155.4529571533203,108.59231567382812,281.9969482421875,369.8648681640625,232.22999572753906,38.79374694824219,38.80065155029297,30.48133087158203,63.63277053833008,64.9493637084961,117.93946075439453,69.91439056396484,89.02469635009766
2022-06-13,129.52491760253906,286.4281005859375,153.88536071777344,105.35861206054688,268.8852844238281,355.8217468261719,215.73666381835938,38.06378173828125,36.77554702758789,29.572418212890625,60.81251907348633,63.54958724975586,114.36810302734375,66.68653106689453,84.9394302368164
2022-06-14,130.38917541503906,285.2284240722656,151.5249481201172,103.60552215576172,269.37335205078125,354.74951171875,220.88999938964844,38.079715728759766,36.84552764892578,29.319427490234375,61.19600296020508,62.800025939941406,113.27789306640625,66.63330841064453,85.16097259521484
2022-06-15,133.01153564453125,287.9747314453125,153.14663696289062,104.83177947998047,276.10009765625,359.80694580078125,233.0,38.05421829223633,36.031986236572266,29.647382736206055,62.487186431884766,62.86324691772461,114.42449188232422,68.50613403320312,84.08870697021484
2022-06-16,127.7374267578125,281.10418701171875,153.2277069091797,103.03327178955078,264.96044921875,347.8988342285156,213.10000610351562,38.44948959350586,34.002506256103516,28.897764205932617,59.94363021850586,62.384613037109375,112.74217987060547,65.15245819091797,80.98712158203125
2022-06-17,129.21060180664062,280.64569091796875,152.66915893554688,102.669921875,268.1822814941406,348.6488037109375,216.75999450683594,37.70676803588867,32.143611907958984,28.98209571838379,60.49214553833008,62.15883255004883,112.6764144897461,65.86384582519531,76.3170166015625
2022-06-21,133.44363403320312,286.8182373046875,155.8673553466797,105.21328735351562,274.9483337402344,357.425537109375,237.0366668701172,38.943572998046875,33.8088493347168,29.56049346923828,62.03150177001953,63.817508697509766,115.70976257324219,67.747802734375,81.06687927246094
2022-06-22,132.9329376220703,286.1792907714844,158.32687377929688,104.62286376953125,274.54736328125,356.7775573730469,236.086669921875,38.471805572509766,32.45542526245117,29.494550704956055,61.7686882019043,63.77201461791992,117.3142318725586,67.6168441772461,77.85894775390625
2022-06-23,135.80078125,288.180419921875,161.8584747314453,103.47834777832031,278.63616943359375,360.2748718261719,235.07000732421875,39.405784606933594,31.252395629882812,29.381511688232422,62.693382263183594,65.00943756103516,119.94742584228516,68.67911529541016,75.51058197021484
2022-06-24,139.13026428222656,295.95941162109375,164.22787475585938,106.56671905517578,288.1831970214844,371.72930908203125,245.7066650390625,39.43765640258789,31.663726806640625,30.46483039855957,64.94668579101562,66.2832260131836,121.93883514404297,71.29842376708984,77.00820922851562
2022-06-27,139.13026428222656,295.3394470214844,164.07467651367188,105.71288299560547,286.07037353515625,370.3094787597656,244.9199981689453,39.56515884399414,32.5925407409668,30.3612117767334,64.50867462158203,66.10126495361328,122.3918685913086,70.55142211914062,78.89574432373047
2022-06-28,134.98562622070312,290.6231384277344,159.40798950195312,105.20420837402344,277.35467529296875,362.7430114746094,232.663330078125,39.00732421875,33.47270202636719,30.059764862060547,62.576576232910156,65.21869659423828,120.25888061523438,67.73326110839844,81.0845947265625
2022-06-29,136.74368286132812,291.2901306152344,159.45301818847656,104.73186492919922,277.6090393066406,362.4475402832031,228.49000549316406,38.86387252807617,32.30947494506836,29.890201568603516,62.70310592651367,65.62811279296875,121.3064956665039,67.67990112304688,78.08934783935547
2022-06-30,134.27847290039062,289.19512939453125,159.9214630126953,102.28842163085938,274.1658630371094,359.5029602050781,224.47332763671875,38.755496978759766,31.628347396850586,29.62643814086914,61.86602783203125,65.67362976074219,121.0328140258789,66.68553161621094,75.8916244506836
2022-07-01,136.44903564453125,292.041748046875,161.73226928710938,103.59644317626953,275.9754638671875,363.3052673339844,227.26333618164062,39.090206146240234,32.10158920288086,30.03150177001953,62.00716781616211,66.61988830566406,122.3918685913086,67.91272735595703,77.584228515625
2022-07-05,139.0320587158203,290.970703125,160.4890594482422,103.202392578125,280.7000732421875,363.991455078125,233.06666564941406,39.60660171508789,30.827795028686523,29.927881240844727,62.785858154296875,66.19225311279297,121.68402099609375,69.43096160888672,75.1561050415039
2022-07-06,140.36776733398438,291.6283874511719,160.63320922851562,102.53345489501953,282.49993896484375,365.220703125,231.73333740234375,39.88711166381836,30.301469802856445,29.852523803710938,63.3260612487793,66.38330841064453,122.505126953125,69.20296478271484,73.80027770996094
2022-07-07,143.73654174804688,294.9542541503906,160.81338500976562,105.12679290771484,288.54510498046875,370.6906433105469,244.5433349609375,39.94768142700195,31.393932342529297,30.285850524902344,64.63519287109375,66.44701385498047,123.02422332763672,70.98797607421875,76.1574935913086
2022-07-08,144.4141845703125,294.49383544921875,160.6151885986328,104.796875,288.9070129394531,370.3857421875,250.76333618164062,39.97318649291992,31.380653381347656,30.21990966796875,64.66439819335938,66.32872009277344,123.39228820800781,70.9976806640625,76.28154754638672
2022-07-11,142.28292846679688,292.8403015136719,160.67825317382812,103.42233276367188,282.7347717285156,366.15460205078125,234.3433380126953,39.98912048339844,31.079896926879883,29.9749813079834,63.77378845214844,66.23774719238281,123.08084106445312,69.05260467529297,75.8916244506836
2022-07-12,143.25527954101562,291.2150573730469,158.4259490966797,103.52312469482422,279.9957580566406,362.91461181640625,233.07000732421875,39.86799240112305,30.473962783813477,29.78658103942871,62.90264892578125,66.04666900634766,121.5141372680664,68.63545227050781,74.88140106201172
2022-07-13,142.8918914794922,289.1294860839844,158.0565948486328,102.55176544189453,279.4186706542969,361.008544921875,237.0399932861328,39.96361541748047,30.425310134887695,29.522815704345703,62.737178802490234,66.0921630859375,120.33438873291016,69.1981201171875,75.18270111083984
2022-07-14,145.81866455078125,287.8610534667969,158.27281188964844,98.9687271118164,280.4164733886719,360.1319885253906,238.31333923339844,40.74459457397461,29.850322723388672,28.957605361938477,63.31144714355469,66.1467514038086,119.98517608642578,69.1399154663086,73.67620849609375
2022-07-15,147.48828125,293.8650207519531,160.57015991210938,103.50479888916016,285.5029602050781,367.0122375488281,240.06666564941406,41.1430549621582,30.336843490600586,29.937301635742188,64.42594146728516,66.36512756347656,122.88264465332031,70.25553894042969,74.91685485839844
2022-07-18,144.4436798095703,291.9758605957031,156.9664764404297,102.44180297851562,283.08685302734375,363.9819030761719,240.54666137695312,41.04741287231445,31.031246185302734,29.824262619018555,63.803001403808594,65.71912384033203,120.28720092773438,70.45928192138672,76.29928588867188
2022-07-19,148.303466796875,298.98736572265625,154.67816162109375,104.98015594482422,291.792724609375,373.8163146972656,245.52999877929688,41.299251556396484,31.98659896850586,30.719179153442383,65.74970245361328,66.41059875488281,122.33524322509766,72.6177749633789,78.2222671508789
2022-07-20,150.30702209472656,299.5796203613281,153.79530334472656,104.96183776855469,296.41949462890625,376.1988220214844,247.5,41.64351272583008,32.29620361328125,30.83221435546875,66.77657318115234,65.96478271484375,121.1271743774414,73.81099700927734,79.08184814453125
2022-07-21,152.5758056640625,301.1491394042969,154.33580017089844,105.6766128540039,300.6746520996094,380.0296325683594,271.7066650390625,42.252357482910156,31.73006820678711,31.03003692626953,67.71585083007812,66.16495513916016,123.0430908203125,75.4990005493164,77.76146697998047
2022-07-22,151.33828735351562,299.88018798828125,155.0655517578125,105.16344451904297,295.4022521972656,376.5036926269531,272.24334716796875,42.14397430419922,31.4691162109375,30.851055145263672,66.78143310546875,66.60167694091797,122.53346252441406,75.06244659423828,77.16773986816406
2022-07-25,150.2186737060547,300.7261657714844,155.3719024658203,105.58497619628906,293.7196960449219,376.9611511230469,268.4333190917969,42.083404541015625,32.62350082397461,31.048877716064453,66.35804748535156,66.92921447753906,123.17522430419922,74.41732788085938,79.73762512207031
2022-07-26,148.89279174804688,298.45166015625,156.47097778320312,103.93550109863281,287.948486328125,372.5012512207031,258.8599853515625,38.88300704956055,32.327171325683594,30.615558624267578,65.28247833251953,66.77457427978516,123.80757904052734,72.0211410522461,79.42744445800781
2022-07-27,153.99008178710938,302.65301513671875,156.03854370117188,105.60330200195312,300.1170654296875,382.1737976074219,274.82000732421875,40.352516174316406,33.05694580078125,31.086570739746094,68.0905990600586,67.22948455810547,124.58148193359375,74.74716186523438,81.1466293334961
2022-07-28,154.54006958007812,305.67938232421875,156.939453125,105.2092514038086,303.0516662597656,386.9671936035156,280.8999938964844,41.35981750488281,33.242713928222656,31.312650680541992,69.1272201538086,68.30311584472656,125.374267578125,76.03257751464844,82.09481811523438
2022-07-29,159.60792541503906,308.9032287597656,157.22775268554688,105.7132568359375,308.57843017578125,392.608642578125,297.1499938964844,42.092979431152344,34.68457794189453,31.755393981933594,70.18815612792969,67.77540588378906,124.95899963378906,78.98169708251953,85.89651489257812
2022-08-01,158.62576293945312,308.3205261230469,156.67822265625,104.65943908691406,308.3925476074219,391.4460754394531,297.27667236328125,42.249176025390625,33.96807098388672,31.49163055419922,70.03730010986328,68.62158203125,124.03406524658203,79.37460327148438,83.72540283203125
2022-08-02,157.15257263183594,304.56097412109375,155.78628540039062,103.02828979492188,307.4730224609375,388.86358642578125,300.586669921875,42.29379653930664,33.888458251953125,31.143081665039062,69.5408706665039,68.0756607055664,123.59049987792969,78.83135986328125,83.362060546875
2022-08-03,163.1632843017578,308.43328857421875,157.29080200195312,104.109619140625,315.8462829589844,394.9529113769531,307.39666748046875,41.59889221191406,32.9154167175293,31.614099502563477,71.39024353027344,68.521484375,124.72305297851562,80.7521743774414,80.65923309326172
2022-08-04,162.84898376464844,307.6813659667969,154.7682342529297,102.9641342163086,317.3233642578125,394.68609619140625,308.6333312988281,40.027374267578125,31.69468879699707,31.510465621948242,71.71630859375,68.06656646728516,124.10958099365234,81.08200073242188,77.26519012451172
2022-08-05,162.622802734375,308.25469970703125,154.15562438964844,106.07982635498047,314.73114013671875,394.01904296875,288.1700134277344,40.349327087402344,32.3227424621582,31.73655891418457,71.55084991455078,67.9118881225586,124.06241607666016,79.69959259033203,78.38177490234375
2022-08-08,162.1507110595703,308.67755126953125,153.3357696533203,104.78773498535156,313.7138366699219,393.5616149902344,290.42333984375,40.67765426635742,32.49081039428711,31.717716217041016,70.94251251220703,67.87548828125,124.35497283935547,80.05854034423828,78.82485961914062
2022-08-09,162.19989013671875,308.1982727050781,153.31777954101562,105.73159790039062,310.1630554199219,391.99884033203125,283.3333435058594,41.07929611206055,33.06137466430664,31.877851486206055,70.23194885253906,67.77540588378906,123.97747039794922,78.7828369140625,80.2781753540039
2022-08-10,166.44862365722656,313.1702575683594,153.7592315673828,108.48989868164062,318.8199462890625,400.2323913574219,294.3566589355469,41.16535949707031,33.300209045410156,32.593788146972656,72.14945983886719,68.27582550048828,125.32708740234375,81.00440216064453,81.040283203125
2022-08-11,165.71099853515625,313.6495666503906,150.5789794921875,110.09355163574219,317.01025390625,400.2323913574219,286.6300048828125,41.56235885620117,34.44575119018555,32.98000717163086,71.8671875,68.1120376586914,124.51538848876953,80.59208679199219,83.3846206665039
2022-08-12,169.26145935058594,317.5219421386719,148.92132568359375,111.91715240478516,323.1827087402344,407.0078125,300.0299987792969,42.330726623535156,34.706703186035156,33.49812698364258,73.29801940917969,68.7034683227539,126.11044311523438,82.4158935546875,84.10939025878906
2022-08-15,170.3334503173828,318.9693298339844,149.63302612304688,112.21954345703125,325.79443359375,408.68505859375,309.32000732421875,42.45238494873047,34.02998733520508,33.488712310791016,73.7603530883789,69.3858642578125,126.74278259277344,82.9834213256836,82.60615539550781
2022-08-16,170.1761474609375,321.1969299316406,150.9663848876953,113.29170989990234,325.03143310546875,409.485595703125,306.5633239746094,44.61982727050781,33.95037841796875,33.73362350463867,73.56080627441406,70.16832733154297,126.40298461914062,83.90017700195312,81.8366470336914
2022-08-17,171.67105102539062,319.74957275390625,150.97540283203125,112.33867645263672,321.32415771484375,406.5789794921875,303.9966735839844,44.6678466796875,34.23344039916992,33.5640754699707,73.03520965576172,69.96817779541016,125.6668472290039,82.99797058105469,82.49877166748047
2022-08-18,171.2776641845703,320.10662841796875,150.24566650390625,111.46810913085938,322.096923828125,407.7607116699219,302.8699951171875,44.52377700805664,35.15341567993164,33.60174560546875,73.4148178100586,70.20472717285156,125.11003112792969,82.97370910644531,84.44939422607422
2022-08-19,168.69102478027344,317.3908386230469,152.5340118408203,108.70982360839844,315.8169250488281,402.28118896484375,296.6666564941406,43.86745834350586,35.144561767578125,32.93291473388672,72.08132934570312,69.97727966308594,125.44979095458984,81.261474609375,84.18096923828125
2022-08-22,164.80618286132812,311.47686767578125,151.99888610839844,106.91371154785156,307.50238037109375,393.9046630859375,289.913330078125,43.08308792114258,35.07822036743164,32.207557678222656,70.07135009765625,69.26757049560547,123.80757904052734,79.0059585571289,84.11832427978516
2022-08-23,164.4717559814453,309.923095703125,150.6747283935547,105.8598861694336,307.2480163574219,392.9517822265625,296.4533386230469,42.90060043334961,36.34318161010742,32.07568359375,69.88642883300781,68.96732330322266,122.08042907714844,79.22909545898438,87.68850708007812
2022-08-24,164.76683044433594,310.62939453125,150.1758575439453,106.11648559570312,308.1381530761719,394.20965576171875,297.0966796875,43.211151123046875,36.78989791870117,32.2452392578125,69.93021392822266,69.14019775390625,122.23141479492188,79.56861114501953,88.20748901367188
2022-08-25,167.22561645507812,313.72760009765625,151.58168029785156,108.63652038574219,313.586669921875,399.7748718261719,296.07000732421875,43.49929428100586,37.07296371459961,32.744510650634766,71.11283111572266,69.4586410522461,123.58106231689453,80.51931762695312,88.66382598876953
2022-08-26,160.9213409423828,304.1033630371094,148.9877471923828,105.08097839355469,300.7333068847656,386.242919921875,288.0899963378906,42.13223648071289,36.63951110839844,31.764822006225586,68.07600402832031,67.73902893066406,120.13619232177734,77.45377349853516,87.57219696044922
2022-08-29,158.71827697753906,302.380126953125,147.83590698242188,104.82440185546875,297.7694396972656,383.68902587890625,284.82000732421875,42.542022705078125,37.1923828125,31.538732528686523,67.17564392089844,67.62983703613281,119.29622650146484,77.04147338867188,89.58545684814453
2022-08-30,156.28903198242188,299.49847412109375,147.3188934326172,104.84272003173828,294.4533386230469,379.4769287109375,277.70001220703125,42.413963317871094,35.931846618652344,31.36916732788086,66.4748306274414,66.92921447753906,118.50342559814453,76.18293762207031,86.17633056640625
2022-08-31,154.6268768310547,297.247802734375,146.330322265625,104.21957397460938,292.741455078125,376.5894470214844,275.6099853515625,42.436378479003906,35.60455322265625,31.133665084838867,65.82755279541016,66.51979064941406,117.7483901977539,75.43108367919922,85.53208923339844
2022-09-01,155.3546905517578,298.5756530761719,149.9581756591797,104.9343490600586,292.86871337890625,377.7711486816406,277.1600036621094,43.05427169799805,34.72880554199219,31.227867126464844,65.50634765625,66.89283752441406,119.68315124511719,76.11988067626953,83.9930648803711
2022-09-02,153.2401580810547,295.468017578125,147.60008239746094,104.20124053955078,288.73101806640625,373.7877502441406,270.2099914550781,42.580448150634766,35.36571502685547,30.982940673828125,64.65467834472656,66.01937866210938,117.9654312133789,75.42140197753906,85.53208923339844
2022-09-06,151.9812469482422,293.9989318847656,147.99916076660156,104.22875213623047,286.6571960449219,372.37738037109375,274.4200134277344,42.369140625,35.03841781616211,30.907581329345703,64.22640228271484,65.64633178710938,118.07872009277344,75.26617431640625,84.95943450927734
2022-09-07,153.3876953125,297.8882141113281,148.8063507080078,106.20812225341797,292.4481506347656,379.0671691894531,283.70001220703125,43.457672119140625,34.63151168823242,31.5198917388916,65.25328826904297,66.82914733886719,120.0040512084961,77.57503509521484,84.23464965820312
2022-09-08,151.9123992919922,299.6869201660156,150.00357055664062,108.68232727050781,293.9643249511719,381.54486083984375,289.260009765625,43.678565979003906,34.781883239746094,32.07568359375,65.47715759277344,66.65628814697266,122.08985137939453,78.29778289794922,84.92364501953125
2022-09-09,154.7744140625,303.4913330078125,150.29376220703125,109.20465850830078,300.3910217285156,387.47216796875,299.67999267578125,43.809837341308594,35.64877700805664,32.367706298828125,66.77169799804688,67.3113784790039,123.16576385498047,79.78203582763672,86.3463363647461
2022-09-12,160.7344512939453,305.64776611328125,150.23028564453125,110.49676513671875,303.9613037109375,391.63665771484375,304.4200134277344,44.20362091064453,36.30337905883789,32.631465911865234,67.8423843383789,67.57524108886719,123.98689270019531,80.81037139892578,87.33955383300781
2022-09-13,151.30267333984375,293.5563049316406,146.3212432861328,106.65713500976562,287.2930603027344,374.6073303222656,292.1300048828125,43.29117965698242,35.38782501220703,31.4162654876709,64.2409896850586,65.31879425048828,119.89079284667969,76.64372253417969,85.29945373535156
2022-09-14,152.74839782714844,293.8670654296875,149.34149169921875,106.40971374511719,289.5722351074219,376.03668212890625,302.6099853515625,43.19513702392578,36.38740921020508,31.322065353393555,64.47459411621094,65.29149627685547,119.95687103271484,77.6283950805664,87.39323425292969
2022-09-15,149.8568878173828,292.26617431640625,149.722412109375,108.01336669921875,284.749755859375,371.7674865722656,303.75,42.73092269897461,35.44974899291992,31.425691604614258,62.99024963378906,64.74557495117188,120.626953125,77.23065185546875,84.85205841064453
2022-09-16,148.21444702148438,290.8621826171875,152.0079345703125,107.28944396972656,283.0086364746094,368.9313049316406,303.3500061035156,42.641273498535156,34.69343185424805,31.143081665039062,62.63984680175781,64.90025329589844,120.28720092773438,76.60977935791016,83.40251922607422
2022-09-19,151.93209838867188,292.8450012207031,150.81069946289062,108.27912902832031,285.2124938964844,371.7923583984375,309.07000732421875,43.006256103515625,34.71399688720703,31.49631118774414,63.15065383911133,65.33158111572266,119.63906860351562,77.69371795654297,83.3935546875
2022-09-20,154.31216430664062,289.8896789550781,149.62261962890625,106.14396667480469,282.9390563964844,367.52471923828125,308.7300109863281,42.75653076171875,34.47256088256836,31.03228759765625,62.77986526489258,64.97441864013672,118.2366714477539,76.37647247314453,82.71353912353516
2022-09-21,151.18460083007812,284.97027587890625,148.08982849121094,103.0832748413086,277.8727111816406,361.1137390136719,300.79998779296875,43.147117614746094,33.96731185913086,30.38834571838379,61.79923629760742,64.72716522216797,116.27522277832031,74.56826782226562,81.38028717041016
2022-09-22,150.22079467773438,283.7522888183594,150.72006225585938,101.9103012084961,274.4527587890625,358.0804443359375,288.5899963378906,42.70530319213867,33.84659194946289,29.876977920532227,61.16987228393555,64.6355972290039,116.89114379882812,72.84757232666016,81.04029083251953
2022-09-23,147.9488525390625,279.352294921875,151.2097930908203,100.01339721679688,269.9842834472656,352.0807800292969,275.3299865722656,41.639190673828125,31.51265525817871,29.40349578857422,60.36975860595703,63.53666305541992,116.294189453125,71.17064666748047,76.72744750976562
2022-09-26,148.28329467773438,276.3876037597656,150.28468322753906,97.85991668701172,268.8670654296875,348.5978088378906,276.010009765625,42.03938293457031,30.739151000976562,28.93947982788086,59.95017623901367,63.58244323730469,115.18553161621094,71.0102310180664,75.1436767578125
2022-09-27,149.2569122314453,275.0467529296875,149.59539794921875,96.99851989746094,268.974853515625,347.7078857421875,282.94000244140625,41.924137115478516,31.083423614501953,28.816370010375977,60.02824401855469,62.4835319519043,114.83491516113281,71.23382568359375,76.7184829711914
2022-09-28,147.36863708496094,280.1738586425781,150.88331604003906,98.9595718383789,274.3253173828125,354.5495300292969,287.80999755859375,42.61566162109375,32.460540771484375,29.384557723999023,60.66248321533203,63.23446273803711,117.3459701538086,73.15865325927734,79.51021575927734
2022-09-29,140.1300048828125,275.906005859375,149.22354125976562,97.28260803222656,266.4172058105469,347.14337158203125,268.2099914550781,42.340328216552734,32.460540771484375,29.015235900878906,59.08176040649414,62.190467834472656,116.36050415039062,70.63109588623047,79.34915924072266
2022-09-30,135.9205780029297,271.2699279785156,148.16241455078125,95.76142883300781,261.899658203125,341.77532958984375,265.25,41.52393341064453,32.201202392578125,28.750085830688477,57.949893951416016,61.109859466552734,114.75914001464844,69.2409439086914,78.12330627441406
2022-10-03,140.10049438476562,278.3420104980469,148.01730346679688,98.72130584716797,268.0439147949219,350.798583984375,242.39999389648438,42.42997360229492,34.020965576171875,29.52659797668457,59.745277404785156,62.162994384765625,117.1185531616211,69.30897521972656,82.24825286865234
2022-10-04,143.69027709960938,286.22607421875,150.212158203125,103.33984375,276.4714660644531,361.6687316894531,249.44000244140625,42.98063659667969,35.4830322265625,30.62508773803711,61.750450134277344,63.10624694824219,119.83804321289062,71.7296371459961,85.24575805664062
2022-10-05,143.98533630371094,285.89581298828125,149.74957275390625,102.06394958496094,276.3244323730469,360.82659912109375,240.80999755859375,42.55483627319336,36.21630859375,30.38834571838379,61.95534896850586,62.739925384521484,120.23602294921875,71.3067398071289,88.69065856933594
2022-10-06,143.03134155273438,282.5343322753906,146.8473358154297,99.98362731933594,274.1490173339844,357.1044006347656,238.1300048828125,42.157833099365234,36.86014938354492,29.96221160888672,61.44797134399414,61.82415008544922,118.70098876953125,70.80123901367188,91.32131958007812
2022-10-07,137.77940368652344,276.62353515625,145.29635620117188,97.98656463623047,263.7027587890625,347.14337158203125,223.07000732421875,41.15896224975586,36.57400131225586,29.251981735229492,58.92076873779297,60.89921569824219,116.18994903564453,68.36601257324219,90.39970397949219
2022-10-10,138.10398864746094,275.6699523925781,145.4868621826172,97.07121276855469,261.06671142578125,344.4928894042969,222.9600067138672,41.40228271484375,35.82284927368164,29.11940574645996,57.930381774902344,61.119014739990234,115.46034240722656,67.943115234375,88.44012451171875
2022-10-11,136.68771362304688,275.9815368652344,147.5909881591797,94.269775390625,257.48016357421875,342.3111267089844,216.5,42.474796295166016,35.53668975830078,28.750085830688477,57.04244613647461,61.622684478759766,116.07624053955078,67.38899230957031,87.68850708007812
2022-10-12,136.0582733154297,275.8587951660156,147.55471801757812,95.79531860351562,257.3919372558594,341.1820373535156,217.24000549316406,41.994564056396484,35.82284927368164,28.683801651000977,56.8668098449707,61.95235824584961,115.50769805908203,67.56398010253906,88.0732650756836
2022-10-13,140.631591796875,283.7900390625,149.785888671875,101.1208724975586,263.4283752441406,350.1861877441406,221.72000122070312,42.34994125366211,37.28490447998047,29.867515563964844,58.63292694091797,62.97801971435547,118.19876861572266,68.30282592773438,91.15132141113281
2022-10-14,136.09765625,280.25872802734375,149.16006469726562,102.80359649658203,255.51036071777344,342.20587158203125,204.99000549316406,41.75764846801758,35.894378662109375,29.365615844726562,56.98390197753906,61.842472076416016,117.40282440185547,65.75093841552734,88.75330352783203
2022-10-17,140.06117248535156,285.20635986328125,151.09190368652344,107.12137603759766,263.9477844238281,350.99957275390625,219.35000610351562,42.05860137939453,36.341495513916016,30.1042537689209,58.720741271972656,62.510982513427734,119.2884750366211,68.41947174072266,90.03284454345703
2022-10-18,141.37904357910156,288.4261474609375,150.56585693359375,109.87660217285156,266.03497314453125,355.1236877441406,220.19000244140625,42.9454231262207,36.65894317626953,30.587209701538086,59.21836471557617,63.32603073120117,119.95176696777344,69.36245727539062,90.19390869140625
2022-10-19,141.48724365234375,287.36859130859375,149.36866760253906,107.72235870361328,265.0648498535156,352.6070861816406,222.0399932861328,42.823760986328125,37.740962982177734,30.085315704345703,59.047611236572266,63.032962799072266,118.27458190917969,68.58473205566406,92.86927795410156
2022-10-20,141.02500915527344,286.3865966796875,149.74957275390625,107.37100982666016,263.7125244140625,349.6503601074219,207.27999877929688,42.929412841796875,37.7767333984375,29.602359771728516,59.08176040649414,62.15383529663086,117.27017974853516,67.25775909423828,92.99456787109375
2022-10-21,144.8409881591797,293.71051025390625,153.01467895507812,113.01092529296875,269.8959655761719,358.1474304199219,214.44000244140625,43.79703140258789,38.86769104003906,30.483043670654297,60.66248321533203,63.10624694824219,119.90438842773438,69.21662139892578,94.72148132324219
2022-10-24,146.98501586914062,297.6502380371094,155.073486328125,113.14960479736328,272.8652038574219,362.5298156738281,211.25,44.632625579833984,39.05100631713867,30.89023780822754,61.50163650512695,64.2418212890625,122.21642303466797,69.50341033935547,95.38362121582031
2022-10-25,149.82736206054688,300.9002685546875,154.82862854003906,113.44544982910156,278.5096740722656,368.3189392089844,222.4199981689453,44.84393310546875,39.091251373291016,31.259563446044922,62.67741775512695,65.08432006835938,123.14506530761719,71.2435531616211,94.73936462402344
2022-10-26,146.88670349121094,300.7962951660156,156.18907165527344,114.74913787841797,272.3556213378906,365.5439758300781,224.63999938964844,45.186492919921875,39.62331771850586,31.335317611694336,61.2820930480957,65.51473999023438,124.50950622558594,70.66997528076172,95.8668212890625
2022-10-27,142.41175842285156,302.76141357421875,156.27976989746094,115.20215606689453,267.39715576171875,363.5920104980469,225.08999633789062,45.055233001708984,39.76639175415039,31.591007232666016,60.58442687988281,65.56969451904297,123.85572052001953,70.39777374267578,96.2336654663086
2022-10-28,153.1713104248047,310.43304443359375,158.60162353515625,116.57054138183594,275.5796813964844,372.24212646484375,228.52000427246094,45.6251106262207,39.905006408691406,32.376983642578125,63.218955993652344,67.0074691772461,125.89297485351562,70.4609603881836,99.05223083496094
2022-10-31,150.81088256835938,309.33709716796875,157.78533935546875,116.3856201171875,272.375244140625,369.5533142089844,227.5399932861328,45.567474365234375,40.24032974243164,32.178131103515625,62.38468551635742,66.61367797851562,125.78874969482422,70.00892639160156,99.15065002441406
2022-11-01,148.1652374267578,308.38287353515625,156.98721313476562,118.48440551757812,269.59222412109375,367.9361877441406,227.82000732421875,45.362579345703125,40.62932586669922,32.26335144042969,61.86265563964844,66.40303039550781,125.86457061767578,69.29926300048828,100.13490295410156
2022-11-02,142.637939453125,303.61181640625,154.57469177246094,117.39339447021484,260.3513488769531,358.7024230957031,214.97999572753906,45.061641693115234,39.650146484375,31.85616111755371,59.725772857666016,65.2491683959961,123.72306823730469,66.6793212890625,98.07691192626953
2022-11-03,136.58937072753906,302.2039794921875,154.83770751953125,117.60606384277344,255.2654266357422,355.0088806152344,215.30999755859375,45.052032470703125,40.3834114074707,31.534183502197266,57.96941375732422,65.02938079833984,123.20191955566406,66.28076934814453,99.41014099121094
2022-11-04,136.32339477539062,306.2381286621094,155.52699279785156,120.82356262207031,259.37139892578125,360.1185607910156,207.47000122070312,45.13207244873047,40.87523651123047,32.111839294433594,59.02811050415039,65.79862213134766,123.95047760009766,66.8348617553711,100.4928207397461
2022-11-07,136.8553466796875,310.2816467285156,156.88742065429688,121.4615249633789,262.2231140136719,363.5633239746094,197.0800018310547,45.60589599609375,41.577205657958984,32.433807373046875,60.013607025146484,66.38471221923828,125.27706146240234,66.36822509765625,101.6828842163086
2022-11-08,137.4267120361328,313.3900451660156,157.6674346923828,121.53550720214844,264.1339416503906,365.52484130859375,191.3000030517578,45.71474838256836,41.61745071411133,32.623199462890625,60.58930587768555,66.5770263671875,125.90245819091797,66.20296478271484,102.00499725341797
2022-11-09,132.8655548095703,307.37188720703125,156.40676879882812,119.9544906616211,258.0386657714844,357.9942626953125,177.58999633789062,44.65184020996094,39.58307647705078,32.07395935058594,59.01346206665039,65.85357666015625,124.54744720458984,64.18093872070312,97.4416275024414
2022-11-10,144.6872100830078,318.6335754394531,158.2388153076172,124.8917236328125,277.0790100097656,377.6675720214844,190.72000122070312,45.57707977294922,40.46389389038086,33.69328308105469,63.862937927246094,67.40123748779297,127.71229553222656,68.87152862548828,98.8732681274414
2022-11-11,147.4751434326172,319.1343688964844,153.5044403076172,125.09510040283203,282.1844482421875,381.3228454589844,195.97000122070312,45.64752197265625,41.639808654785156,33.967899322509766,64.95579528808594,67.32797241210938,126.14881896972656,70.52416229248047,101.96027374267578
2022-11-14,146.07626342773438,317.2258605957031,155.9169921875,123.80996704101562,279.7150573730469,378.07904052734375,190.9499969482422,44.30607604980469,41.62639236450195,33.48493957519531,64.39960479736328,66.79682922363281,126.26253509521484,69.40620422363281,102.25792694091797
2022-11-15,147.8101043701172,317.6415710449219,156.3523406982422,122.91313934326172,283.5858154296875,381.3036804199219,194.4199981689453,47.20347213745117,42.0645637512207,33.560707092285156,65.18022155761719,67.35546875,126.1014404296875,70.35404968261719,102.94342041015625
2022-11-16,146.57867431640625,317.5094299316406,157.3227996826172,123.07952117919922,279.7150573730469,378.39483642578125,186.9199981689453,47.54282760620117,41.20611572265625,33.39971923828125,64.28739929199219,67.68514251708984,126.04458618164062,69.27980041503906,101.843017578125
2022-11-17,148.48001098632812,317.53759765625,158.592529296875,122.54329681396484,279.0976867675781,377.2369689941406,183.1699981689453,47.382755279541016,41.295536041259766,33.219791412353516,64.37033081054688,67.66680908203125,125.98773956298828,68.43891906738281,101.9782943725586
2022-11-18,149.04150390625,319.3846740722656,159.807861328125,123.7452392578125,279.10748291015625,378.9498291015625,180.19000244140625,48.09669494628906,40.96913146972656,33.494415283203125,64.44351959228516,68.3902816772461,127.51329803466797,68.53126525878906,101.09434509277344
2022-11-21,145.81027221679688,319.0817565917969,160.62939453125,123.01484680175781,276.2362060546875,377.57183837890625,167.8699951171875,48.3912353515625,40.41471481323242,33.59857940673828,63.750728607177734,69.04048156738281,127.57014465332031,67.53968811035156,100.09315490722656
2022-11-22,147.947998046875,322.7832946777344,161.4053192138672,124.85472869873047,280.21484375,382.6528015136719,169.91000366210938,48.56412124633789,41.680049896240234,33.939491271972656,64.98505401611328,69.54415130615234,128.67881774902344,68.30282592773438,102.98851776123047
2022-11-23,148.8248291015625,323.720458984375,161.57875061035156,126.18611145019531,283.0272216796875,385.0641784667969,183.1999969482422,48.79783248901367,41.228458404541016,34.08154296875,65.56078338623047,69.78227233886719,129.1904754638672,69.28955078125,102.47439575195312
2022-11-25,145.90878295898438,325.2068176269531,161.7886962890625,126.42655181884766,281.16534423828125,384.9779968261719,182.86000061035156,49.00593185424805,41.07645034790039,34.1951789855957,65.18022155761719,69.82804870605469,129.95797729492188,69.32843780517578,102.11360168457031
2022-11-28,142.07659912109375,320.44488525390625,161.870849609375,124.21678161621094,277.03973388671875,378.8349304199219,182.9199981689453,49.14679718017578,39.949710845947266,33.60805130004883,63.7849006652832,69.56246948242188,128.98199462890625,68.90068054199219,99.0468521118164
2022-11-29,139.07191467285156,320.43548583984375,160.7389678955078,126.26012420654297,274.94268798828125,378.18426513671875,180.8300018310547,48.97391891479492,40.553314208984375,33.806922912597656,63.16041946411133,69.29690551757812,128.65985107421875,68.68195343017578,99.7052993774414
2022-11-30,145.82997131347656,327.69659423828125,162.48245239257812,127.75791931152344,287.47613525390625,390.0972900390625,194.6999969482422,48.79783248901367,40.75452423095703,34.38457107543945,66.33161163330078,70.68888854980469,131.72994995117188,71.04912567138672,100.42688751220703
2022-12-01,146.10580444335938,326.04931640625,163.1579132080078,125.96424865722656,287.8289489746094,389.8102722167969,194.6999969482422,49.10197448730469,40.62038803100586,34.185699462890625,66.4242935180664,70.36835479736328,132.10897827148438,71.03938293457031,99.93981170654297
2022-12-02,145.6132354736328,326.36175537109375,163.28573608398438,124.96569061279297,286.6824035644531,389.3605041503906,194.86000061035156,49.053951263427734,40.378944396972656,34.02472686767578,66.03887176513672,70.68888854980469,132.45008850097656,70.94705963134766,99.09195709228516
2022-12-05,144.4508056640625,321.9029235839844,163.19444274902344,121.4615249633789,281.8709411621094,382.35626220703125,182.4499969482422,48.55131530761719,39.18067169189453,33.18191909790039,64.94114685058594,69.80058288574219,131.18038940429688,68.90068054199219,96.37696838378906
2022-12-06,140.78604125976562,318.523193359375,160.74807739257812,121.6649398803711,276.03045654296875,376.84466552734375,179.82000732421875,47.98784637451172,38.1478385925293,32.88835144042969,63.55071258544922,69.37015533447266,130.18544006347656,67.82646179199219,93.69808959960938
2022-12-07,138.84532165527344,318.5041198730469,161.7248077392578,121.58174133300781,274.9034729003906,376.20355224609375,174.0399932861328,47.73811721801758,38.058414459228516,32.75577926635742,63.228721618652344,69.66321563720703,131.2561798095703,67.41816711425781,93.4906234741211
2022-12-08,140.52993774414062,320.4165344238281,161.75218200683594,122.85765838623047,278.1569519042969,379.1506652832031,173.44000244140625,47.812034606933594,37.88850784301758,32.784183502197266,64.26300048828125,70.03868103027344,132.44064331054688,68.06949615478516,94.18516540527344
2022-12-09,140.0472412109375,317.4912414550781,160.41949462890625,122.19197082519531,276.3832702636719,376.3183898925781,179.0500030517578,46.69691467285156,36.96745681762695,32.69895935058594,63.867835998535156,69.49838256835938,130.7445068359375,67.77299499511719,93.39141845703125
2022-12-12,142.34259033203125,322.46136474609375,162.33639526367188,124.08732604980469,279.85223388671875,381.743896484375,167.82000732421875,47.56779479980469,37.93769454956055,33.13457107543945,65.26315307617188,70.23099517822266,132.1374053955078,67.943115234375,95.69148254394531
2022-12-13,143.30804443359375,323.58795166015625,163.5869598388672,123.9671401977539,282.860595703125,384.6335754394531,160.9499969482422,47.39747619628906,38.65755081176758,33.219791412353516,66.03398895263672,70.1302490234375,132.54489135742188,67.943115234375,96.73776245117188
2022-12-14,141.0816192626953,322.08270263671875,164.0889892578125,123.3476791381836,280.7635498046875,382.1744079589844,156.8000030517578,47.133968353271484,38.42057800292969,32.80312728881836,65.47782897949219,70.08445739746094,132.7533416748047,67.43761444091797,96.02521514892578
2022-12-15,134.47129821777344,315.05816650390625,162.0168914794922,120.28734588623047,271.3365478515625,372.8258056640625,157.6699981689453,46.71298599243164,38.18807601928711,32.15918731689453,63.02869415283203,68.89395904541016,130.31808471679688,66.32936096191406,95.10518646240234
2022-12-16,132.51089477539062,312.135986328125,160.35557556152344,119.53842163085938,268.74945068359375,368.4241638183594,150.22999572753906,45.87423324584961,37.71861267089844,31.91297149658203,62.19441604614258,68.55511474609375,128.42295837402344,65.08987426757812,94.43771362304688
2022-12-19,130.40269470214844,310.6273193359375,160.18211364746094,120.25035858154297,264.9725646972656,365.3000793457031,149.8699951171875,45.89029312133789,37.714088439941406,31.82721519470215,61.36508560180664,68.51176452636719,127.94342803955078,64.04486846923828,94.86164855957031
2022-12-20,130.33377075195312,311.5760498046875,160.35557556152344,120.83283233642578,264.76629638671875,365.7998962402344,137.8000030517578,46.29199981689453,38.283260345458984,31.96061897277832,61.45805740356445,68.45641326904297,127.91487884521484,63.299156188964844,96.23267364501953
2022-12-21,133.4369659423828,316.5290222167969,162.19033813476562,122.19197082519531,268.6070861816406,371.2695007324219,137.57000732421875,46.65513610839844,39.010528564453125,32.45613479614258,62.47574234008789,69.13896942138672,129.5989990234375,64.3080825805664,97.4683837890625
2022-12-22,130.26480102539062,313.3599548339844,161.59698486328125,120.80509185791016,262.0355224609375,365.9729309082031,125.3499984741211,46.108829498291016,38.111610412597656,32.170257568359375,60.90027618408203,68.982177734375,129.418212890625,62.65578842163086,95.50205993652344
2022-12-23,129.90029907226562,314.9444580078125,162.00778198242188,121.3783187866211,262.6248779296875,368.0780944824219,123.1500015258789,46.20201873779297,39.32672882080078,32.35131072998047,60.96388626098633,69.34187316894531,129.49432373046875,63.084693908691406,98.0276107788086
2022-12-27,128.09750366210938,315.3618469238281,161.962158203125,121.80364227294922,258.9118347167969,366.6266174316406,109.0999984741211,46.214874267578125,39.746829986572266,32.34177780151367,60.38653564453125,69.6739273071289,129.16128540039062,62.0611572265625,99.38961791992188
2022-12-28,124.16678619384766,311.7562561035156,161.25926208496094,122.46930694580078,255.49342346191406,362.07025146484375,112.70999908447266,45.40504455566406,38.85693359375,32.2274284362793,59.412872314453125,68.80692291259766,128.32400512695312,61.53963088989258,97.75702667236328
2022-12-29,127.68374633789062,315.06781005859375,162.08079528808594,123.1720199584961,261.72119140625,368.58758544921875,121.81999969482422,45.68141174316406,39.263492584228516,32.6753044128418,60.968772888183594,69.10206604003906,129.72265625,63.12369155883789,98.49664306640625
2022-12-30,127.99897766113281,314.3750305175781,161.25013732910156,123.98564910888672,261.56402587890625,367.6166687011719,123.18000030517578,45.56572341918945,39.511940002441406,32.58953857421875,60.885597229003906,68.76080322265625,129.25645446777344,62.95309829711914,99.48883056640625
2023-01-03,123.2112045288086,314.2707214355469,162.65589904785156,124.9286880493164,259.7958984375,366.0691223144531,108.0999984741211,46.14739227294922,38.125160217285156,32.70388412475586,60.308250427246094,68.5025405883789,128.88534545898438,62.577789306640625,96.07032012939453
2023-01-04,124.4820327758789,315.5421447753906,164.42677307128906,126.09371185302734,261.0335693359375,368.89520263671875,113.63999938964844,46.19879913330078,38.120635986328125,33.22798156738281,60.464820861816406,68.77003479003906,129.22792053222656,63.484371185302734,96.34991455078125
2023-01-05,123.16194915771484,312.3730773925781,163.21270751953125,126.06573486328125,256.947265625,364.6848449707031,110.33999633789062,46.04133987426758,38.8162841796875,32.98023223876953,59.29055404663086,68.0782699584961,127.90536499023438,62.89461135864258,98.50565338134766
2023-01-06,127.6935806274414,319.07183837890625,164.53628540039062,128.47804260253906,264.03936767578125,373.0478820800781,113.05999755859375,47.16931915283203,39.55259323120117,33.71397018432617,61.02749252319336,69.89527893066406,129.08517456054688,64.37145233154297,99.69628143310547
2023-01-09,128.2156982421875,318.1324462890625,160.27342224121094,127.9471664428711,265.7485656738281,372.83636474609375,119.7699966430664,46.58121871948242,39.41255569458008,33.5900993347168,61.7369384765625,69.21275329589844,126.92533874511719,64.76136016845703,97.83819580078125
2023-01-10,128.78707885742188,319.9731750488281,159.89004516601562,129.09280395507812,267.9980163574219,375.4510192871094,118.8499984741211,46.552303314208984,39.69263458251953,33.780677795410156,62.11857223510742,69.12051391601562,127.990966796875,65.57532501220703,99.2994155883789
2023-01-11,131.5060577392578,322.3737487792969,159.63446044921875,130.05215454101562,272.6343688964844,380.19964599609375,123.22000122070312,46.960426330566406,39.81459045410156,34.09513473510742,63.194984436035156,69.15741729736328,128.71414184570312,67.3446044921875,100.45394134521484
2023-01-12,131.42724609375,324.4991760253906,158.83114624023438,129.92176818847656,274.10784912109375,381.5838928222656,123.55999755859375,46.53623962402344,40.57347869873047,34.161842346191406,63.664695739746094,68.61322784423828,128.3050079345703,67.45671081542969,102.12262725830078
2023-01-13,132.75717163085938,325.4858703613281,158.31082153320312,133.20025634765625,275.9938659667969,383.064208984375,122.4000015258789,46.69048309326172,40.632205963134766,34.41912078857422,63.8457145690918,68.93605041503906,128.8758544921875,68.09033203125,102.05947875976562
2023-01-17,133.91966247558594,321.8044128417969,157.33412170410156,131.14190673828125,276.55377197265625,382.36248779296875,131.49000549316406,46.40769958496094,40.71802520751953,34.19042205810547,64.13440704345703,68.982177734375,128.27642822265625,68.13907623291016,101.86104583740234
2023-01-18,133.20050048828125,315.9311218261719,154.96078491210938,127.20205688476562,272.95855712890625,376.3258361816406,128.77999877929688,45.260433197021484,39.97269058227539,33.551971435546875,63.30752182006836,67.1005859375,126.46865844726562,67.25200653076172,99.76844787597656
2023-01-19,133.25962829589844,313.7109375,154.7508544921875,125.50688934326172,270.27691650390625,373.586181640625,127.16999816894531,44.614505767822266,40.469581604003906,33.16128158569336,62.56870651245117,66.46415710449219,126.77313995361328,66.13585662841797,100.40884399414062
2023-01-20,135.82093811035156,316.86370849609375,154.0297088623047,125.81425476074219,277.6735534667969,380.5457458496094,133.4199981689453,45.164031982421875,40.871620178222656,33.68538284301758,64.26161193847656,66.98069763183594,127.41060638427734,67.73939514160156,102.23988342285156
2023-01-23,139.01283264160156,319.2378234863281,153.63717651367188,127.85401153564453,283.8423156738281,385.11175537109375,143.75,45.83888626098633,40.925819396972656,34.076072692871094,65.72453308105469,67.19281005859375,127.8482894897461,68.79706573486328,101.70770263671875
2023-01-24,140.41168212890625,320.1209716796875,153.63717651367188,128.95306396484375,283.2628173828125,384.6983642578125,143.88999938964844,45.960994720458984,40.76771926879883,34.09513473510742,65.6951904296875,67.46952056884766,127.00147247314453,68.7190933227539,102.65479278564453
2023-01-25,139.7516632080078,320.3299560546875,154.73255920410156,129.5771026611328,282.6341552734375,384.8426208496094,144.42999267578125,45.742469787597656,40.77223205566406,34.36195373535156,65.55819702148438,67.63555908203125,127.0395278930664,69.07002258300781,102.11360168457031
2023-01-26,141.8204803466797,322.2671813964844,154.16661071777344,130.3781280517578,288.1447448730469,389.0721740722656,160.27000427246094,45.70069122314453,42.05963897705078,34.54300308227539,66.60525512695312,67.39574432373047,127.27739715576172,70.48348236083984,106.2176284790039
2023-01-27,143.7611846923828,322.50457763671875,153.56417846679688,130.69482421875,291.0129699707031,389.96612548828125,177.89999389648438,46.05097579956055,41.21039962768555,34.54300308227539,66.88412475585938,67.20204162597656,126.41157531738281,72.0821762084961,104.27837371826172
2023-01-30,140.87474060058594,320.0828857421875,147.87728881835938,129.58644104003906,285.1291809082031,385.0732727050781,166.66000366210938,45.68141174316406,40.26630401611328,34.37148666381836,65.60711669921875,67.2850570678711,125.26980590820312,70.85391235351562,102.4292984008789
2023-01-31,142.14552307128906,323.6630554199219,149.17347717285156,130.35948181152344,289.4021301269531,390.735107421875,173.22000122070312,46.234153747558594,40.623165130615234,34.838409423828125,66.52207946777344,68.0136947631836,126.88729095458984,72.47698211669922,104.63914489746094
2023-02-01,143.26858520507812,323.7010803222656,150.542724609375,130.01486206054688,295.5905456542969,394.8878479003906,181.41000366210938,46.49124526977539,39.82362747192383,34.838409423828125,68.08776092529297,68.55789184570312,127.4867172241211,73.85144805908203,103.4936294555664
2023-02-02,148.57850646972656,323.283203125,151.10865783691406,129.4094696044922,306.1992492675781,400.6361083984375,188.27000427246094,46.15381622314453,38.91566467285156,34.93370056152344,69.94699096679688,67.96758270263672,126.62089538574219,76.11300659179688,100.2555160522461
2023-02-03,152.20379638671875,321.9063415527344,150.25975036621094,131.4119873046875,300.7573547363281,396.3778076171875,189.97999572753906,45.540016174316406,38.829837799072266,34.86699676513672,69.36476135253906,67.70011138916016,126.24982452392578,73.76860809326172,100.95004272460938
2023-02-06,149.47500610351562,321.43145751953125,149.11874389648438,132.18504333496094,298.2132568359375,393.9553527832031,194.75999450683594,45.20901107788086,38.65366744995117,34.85746383666992,68.51830291748047,67.78311157226562,125.54571533203125,73.66138458251953,100.77865600585938
2023-02-07,152.35159301757812,324.3183288574219,149.15521240234375,133.79637145996094,304.3918151855469,399.1077575683594,196.80999755859375,45.305423736572266,39.909454345703125,35.257694244384766,70.23078918457031,67.4971923828125,126.3544921875,73.83196258544922,103.65599060058594
2023-02-08,149.6621551513672,322.3240661621094,149.34693908691406,132.8556671142578,298.9794006347656,394.74359130859375,201.2899932861328,45.061187744140625,39.55259323120117,35.04804229736328,69.38433074951172,66.98069763183594,125.9833984375,73.20320129394531,102.7540054321289
2023-02-09,148.6277313232422,320.1018981933594,147.32958984375,130.7879638671875,296.3370361328125,391.321533203125,207.32000732421875,45.47895050048828,39.21379852294922,34.6573600769043,69.00269317626953,66.68553924560547,124.87969207763672,73.06673431396484,103.14186096191406
2023-02-10,148.99281311035156,321.6688537597656,148.0142059326172,131.3654022216797,294.39208984375,392.2347412109375,196.88999938964844,46.185951232910156,40.7496452331543,34.771705627441406,68.68466186523438,67.30350494384766,126.05952453613281,72.20890808105469,107.48942565917969
2023-02-13,151.79490661621094,325.2965393066406,148.56187438964844,132.79049682617188,299.107177734375,396.8391418457031,194.63999938964844,46.88972854614258,40.64575958251953,35.17192077636719,69.87359619140625,68.06904602050781,127.10613250732422,73.2665786743164,107.0713119506836
2023-02-14,151.153564453125,323.9575500488281,147.91378784179688,133.37721252441406,301.31732177734375,396.65655517578125,209.25,46.7547607421875,40.65930938720703,34.98134231567383,70.17206573486328,67.45106506347656,126.3544921875,74.14389038085938,105.81700897216797
2023-02-15,153.255126953125,324.4512939453125,145.47657775878906,133.93612670898438,303.6256103515625,397.94464111328125,214.24000549316406,47.101829528808594,39.968177795410156,35.019466400146484,70.49987030029297,67.5802001953125,125.72650146484375,75.011474609375,105.4988784790039
2023-02-16,151.65676879882812,320.3964538574219,144.445068359375,132.09193420410156,297.92828369140625,392.4654235839844,202.0399932861328,46.362693786621094,39.57518005371094,34.66688537597656,69.27669525146484,67.09135437011719,124.47058868408203,73.37379455566406,105.1898422241211
2023-02-17,150.5122528076172,321.7774353027344,147.46067810058594,132.48309326171875,295.8262634277344,391.4848937988281,208.30999755859375,47.06005096435547,38.16581726074219,34.67641067504883,68.41067504882812,67.9583740234375,125.58378601074219,73.38842010498047,101.14513397216797
2023-02-21,146.49661254882812,315.08111572265625,145.26333618164062,130.05215454101562,288.822509765625,383.6313781738281,197.3699951171875,47.34606170654297,37.97608184814453,33.961734771728516,66.7862777709961,67.70011138916016,123.95677947998047,70.93678283691406,101.04515075683594
2023-02-22,146.92088317871094,314.3867492675781,145.06105041503906,129.05552673339844,289.0386657714844,383.10272216796875,200.86000061035156,46.353057861328125,37.72312927246094,33.92361068725586,66.68842315673828,67.59864044189453,123.53813171386719,71.29745483398438,99.73629760742188
2023-02-23,147.40432739257812,315.48065185546875,145.01507568359375,130.08941650390625,291.5631408691406,385.1405334472656,202.07000732421875,45.66213607788086,38.292293548583984,33.95220947265625,67.79418182373047,67.51564025878906,123.87116241455078,71.23898315429688,100.65430450439453
2023-02-24,144.7502899169922,312.10394287109375,143.39697265625,131.26295471191406,286.6811828613281,381.0263671875,196.8800048828125,45.78424835205078,38.242610931396484,33.98078918457031,66.58566284179688,67.06368255615234,122.2726821899414,70.11793518066406,100.66339111328125
2023-02-27,145.94410705566406,312.9979248046875,143.0843505859375,132.40859985351562,288.734130859375,382.3240966796875,207.6300048828125,45.453250885009766,38.35554122924805,33.971256256103516,66.94285583496094,66.9898910522461,121.90162658691406,70.98551940917969,100.48162078857422
2023-02-28,145.44091796875,310.62957763671875,140.90542602539062,133.51698303222656,288.3608703613281,380.9110107421875,205.7100067138672,45.674991607666016,37.80443572998047,34.0379638671875,66.79605865478516,66.43649291992188,120.99773406982422,70.93678283691406,99.89990234375
2023-03-01,143.36895751953125,311.0386047363281,140.27105712890625,132.77183532714844,286.042724609375,379.4499206542969,202.77000427246094,45.03868865966797,38.549774169921875,33.92361068725586,66.3067855834961,65.94764709472656,120.79792022705078,70.04483032226562,100.79064178466797
2023-03-02,143.96096801757812,314.31060791015625,140.1607208251953,131.39337158203125,288.40997314453125,382.4009704589844,190.89999389648438,45.15116882324219,38.88855743408203,33.76161575317383,67.1238784790039,66.85155487060547,121.54006958007812,69.81087493896484,101.25419616699219
2023-03-03,149.01254272460938,317.8965759277344,141.60415649414062,133.80569458007812,294.3724365234375,388.5338439941406,197.7899932861328,45.2057991027832,39.41707992553711,34.295249938964844,68.5672378540039,66.90689086914062,122.90066528320312,71.31207275390625,102.53578186035156
2023-03-06,151.77516174316406,318.34375,143.02000427246094,133.02330017089844,294.7064514160156,388.802978515625,193.80999755859375,45.199371337890625,39.435142517089844,34.32383346557617,68.89505767822266,67.08213806152344,122.84357452392578,70.7905502319336,103.44471740722656
2023-03-07,149.574951171875,312.8172607421875,141.6685028076172,129.11141967773438,291.09161376953125,382.8431701660156,187.7100067138672,44.74946594238281,38.748538970947266,33.437625885009766,68.03881072998047,66.41806030273438,120.86451721191406,69.82548522949219,101.44508361816406
2023-03-08,150.8279571533203,312.455810546875,140.629638671875,128.34768676757812,292.54541015625,383.4680480957031,182.0,44.37990951538086,38.351016998291016,33.31374740600586,68.60150146484375,66.52870178222656,120.217529296875,69.69877624511719,99.96353149414062
2023-03-09,148.57843017578125,307.30999755859375,139.04824829101562,121.39937591552734,287.4768371582031,376.39306640625,172.9199981689453,44.08103942871094,37.808956146240234,31.96061897277832,67.61805725097656,65.91075134277344,118.99964904785156,68.03673553466797,99.19093322753906
2023-03-10,146.51634216308594,304.12347412109375,139.38839721679688,124.48231506347656,283.43963623046875,370.9618835449219,173.44000244140625,44.01676940917969,37.32561492919922,31.379344940185547,66.42910766601562,65.58792877197266,118.12432098388672,67.3592300415039,97.96390533447266
2023-03-13,148.4600067138672,303.2579040527344,140.72154235839844,122.2469711303711,285.5416564941406,370.4332275390625,174.47999572753906,44.145301818847656,36.56672286987305,30.140560150146484,66.7911605834961,65.91999053955078,119.2280044555664,67.50057983398438,96.83682250976562
2023-03-14,150.5517120361328,306.4633483886719,141.51220703125,125.38578796386719,292.1033935546875,376.55645751953125,183.25999450683594,44.37990951538086,36.928096771240234,30.75042152404785,68.3323974609375,66.51950073242188,120.29366302490234,68.6459732055664,97.20039367675781
2023-03-15,150.94638061523438,303.9426574707031,141.90756225585938,119.4620590209961,293.6357421875,374.20135498046875,180.4499969482422,44.87479782104492,34.94504928588867,29.93091583251953,68.37153625488281,66.95301055908203,120.18899536132812,68.54362487792969,92.36492156982422
2023-03-16,153.7681884765625,307.4717102050781,141.61337280273438,121.78126525878906,301.3761901855469,380.7668151855469,184.1300048828125,44.61988067626953,35.324493408203125,30.502662658691406,70.28949737548828,66.99913024902344,121.31172943115234,69.78163146972656,91.82865905761719
2023-03-17,152.92953491210938,303.7597351074219,140.09637451171875,117.18011474609375,299.951904296875,376.3146667480469,180.1300048828125,44.98128890991211,34.76887512207031,29.52116584777832,70.19164276123047,66.51029205322266,119.7513198852539,68.88966369628906,90.74701690673828
2023-03-20,155.2974395751953,307.3839111328125,141.48464965820312,118.41889190673828,301.0163879394531,379.9331359863281,183.25,45.465293884277344,35.464942932128906,29.849637985229492,70.38092803955078,67.43243408203125,121.26908111572266,69.18790435791016,93.11932373046875
2023-03-21,157.15234375,310.55010986328125,141.48464965820312,121.5949935913086,305.315673828125,384.921875,197.5800018310547,45.31040954589844,36.692745208740234,30.606170654296875,70.94973754882812,67.37682342529297,122.00457763671875,71.0994644165039,97.2912826538086
2023-03-22,155.7217254638672,305.36199951171875,138.8735809326172,118.4561538696289,301.1639404296875,378.3602600097656,191.14999389648438,45.02000045776367,35.91225051879883,29.897518157958984,70.24360656738281,66.75587463378906,120.16108703613281,69.51546478271484,95.06441497802734
2023-03-23,156.8070068359375,305.991455078125,138.9471435546875,118.13946533203125,304.73516845703125,379.38311767578125,192.22000122070312,45.38462829589844,35.414730072021484,29.696414947509766,71.38614654541016,66.49638366699219,119.93183898925781,69.44212341308594,93.99189758300781
2023-03-24,158.10939025878906,307.4029235839844,140.34458923339844,116.34185028076172,305.8567199707031,381.8726501464844,190.41000366210938,45.75570297241211,35.551666259765625,29.677261352539062,71.57249450683594,67.62703704833984,121.59384155273438,69.21723937988281,94.10096740722656
2023-03-27,156.16571044921875,309.3008728027344,140.94219970703125,119.67630004882812,303.76116943359375,382.5866394042969,191.80999755859375,46.520450592041016,36.30934524536133,30.089048385620117,71.01838684082031,67.98848724365234,122.09054565429688,69.35900115966797,96.16423034667969
2023-03-28,155.54408264160156,308.823974609375,139.58151245117188,120.0395278930664,302.147705078125,381.7279357910156,189.19000244140625,46.339752197265625,36.870758056640625,30.0794677734375,70.68494415283203,68.10897827148438,121.35505676269531,69.2759017944336,97.364013671875
2023-03-29,158.62246704101562,311.942626953125,140.9513702392578,120.28170776367188,307.6570739746094,387.2762451171875,193.8800048828125,46.539817810058594,37.381961822509766,30.519983291625977,72.16581726074219,68.48894500732422,121.68936920166016,70.59101867675781,99.03642272949219
2023-03-30,160.1912078857422,313.2778625488281,141.06173706054688,119.91844177246094,310.5691223144531,389.5438232421875,195.27999877929688,47.00447463989258,37.546287536621094,30.452951431274414,73.00433349609375,68.68357849121094,122.34842681884766,71.20702362060547,99.51815032958984
2023-03-31,162.69728088378906,317.22625732421875,142.5051727294922,121.37142944335938,315.734130859375,395.0343322753906,207.4600067138672,47.57884216308594,37.80644989013672,30.788124084472656,74.04878234863281,69.2396469116211,123.65703582763672,73.10880279541016,99.67266845703125
2023-04-03,163.95030212402344,320.3639831542969,144.20602416992188,121.23171997070312,314.966796875,396.5396728515625,194.77000427246094,47.97895431518555,39.51807403564453,30.845582962036133,73.93109130859375,69.60108947753906,125.04203796386719,72.43902587890625,105.55341339111328
2023-04-04,163.41754150390625,318.48516845703125,145.71383666992188,119.61109161376953,313.904296875,394.3396301269531,192.5800018310547,47.507850646972656,38.80147933959961,30.558290481567383,73.52409362792969,69.46207427978516,125.06111907958984,72.32168579101562,104.54450225830078
2023-04-05,161.572509765625,319.324462890625,152.25987243652344,119.78943634033203,310.8052978515625,393.30712890625,185.52000427246094,48.29518127441406,39.385711669921875,30.519983291625977,72.68559265136719,69.78643798828125,127.21980285644531,70.8403549194336,106.3350830078125
2023-04-06,162.46047973632812,319.4007873535156,151.8369598388672,119.65802764892578,312.9007568359375,394.84136962890625,185.05999755859375,48.65980529785156,38.787784576416016,30.63490104675293,73.09750366210938,69.84204864501953,127.5350341796875,70.85501861572266,104.57177734375
2023-04-10,159.86561584472656,320.4117126464844,151.07388305664062,120.05228424072266,312.7237548828125,395.24664306640625,184.50999450683594,48.56623458862305,39.09815979003906,30.70193862915039,73.05827331542969,69.84204864501953,127.4490737915039,71.16791534423828,104.10822296142578
2023-04-11,158.65203857421875,321.30816650390625,151.0279083251953,120.64366912841797,310.7167053222656,395.352783203125,186.7899932861328,48.424251556396484,39.46787643432617,30.970075607299805,72.37176513671875,70.04595184326172,127.87889862060547,71.28034973144531,104.84445190429688
2023-04-12,157.96141052246094,321.03167724609375,150.7061004638672,120.62490844726562,307.97186279296875,393.7413024902344,180.5399932861328,48.188697814941406,39.49525451660156,30.903039932250977,71.9598617553711,69.7308349609375,127.91712951660156,70.17545318603516,104.73538970947266
2023-04-13,163.34844970703125,324.6176452636719,152.7195587158203,121.08488464355469,314.0026550292969,398.9712829589844,185.89999389648438,48.237098693847656,39.741722106933594,31.18075942993164,73.29854583740234,70.12008666992188,129.57913208007812,71.72525787353516,105.22621154785156
2023-04-14,163.00315856933594,323.1584777832031,152.47128295898438,130.2279510498047,313.41241455078125,397.9966735839844,185.0,47.911190032958984,39.814762115478516,31.487197875976562,72.89154052734375,69.67522430419922,128.53799438476562,71.81812286376953,105.48070526123047
2023-04-17,163.02285766601562,324.1884765625,152.31503295898438,131.26055908203125,313.6780700683594,399.4248046875,187.0399932861328,48.24678039550781,39.344627380371094,31.851106643676758,73.15634155273438,70.12008666992188,128.43292236328125,72.32657623291016,104.2536392211914
2023-04-18,164.24632263183594,324.0740051269531,148.0306854248047,132.7342987060547,313.69769287109375,399.685302734375,184.30999755859375,48.3532600402832,39.499820709228516,31.94687271118164,73.38188934326172,70.333251953125,127.55413818359375,72.44391632080078,106.28964233398438
2023-04-19,165.39083862304688,323.3014221191406,149.4281463623047,132.5653533935547,313.550048828125,399.6177978515625,180.58999633789062,48.40489196777344,39.36288070678711,32.02347946166992,73.17105102539062,70.28689575195312,127.94576263427734,72.37545776367188,105.95333862304688
2023-04-20,164.4239044189453,322.30963134765625,150.39349365234375,132.18048095703125,311.1594543457031,397.4370422363281,162.99000549316406,48.71466064453125,39.0160026550293,31.927717208862305,72.69049835205078,70.45372009277344,127.42041015625,71.26080322265625,105.1080322265625
2023-04-21,162.81568908691406,322.6379089355469,149.5752716064453,131.92701721191406,311.484130859375,397.7458190917969,165.0800018310547,48.959903717041016,38.787784576416016,31.812801361083984,72.45512390136719,70.96344757080078,128.2800750732422,72.04790496826172,105.4443359375
2023-04-24,163.12155151367188,323.2484436035156,150.48544311523438,132.10536193847656,310.8348388671875,398.1607360839844,162.5500030517578,49.292259216308594,39.38114929199219,31.736183166503906,72.13640594482422,71.2507553100586,128.99649047851562,72.03814697265625,107.43489074707031
2023-04-25,161.58238220214844,319.9850158691406,151.86453247070312,129.23289489746094,304.9712829589844,391.8404235839844,160.6699981689453,48.90827941894531,38.641727447509766,31.190332412719727,70.59667205810547,71.15806579589844,127.62100219726562,70.61058807373047,105.90787506103516
2023-04-26,161.572509765625,317.7139892578125,149.51089477539062,126.94244384765625,306.82080078125,390.18072509765625,153.75,48.695308685302734,38.12594985961914,30.89345932006836,71.64604187011719,70.60200500488281,125.80619049072266,70.2488021850586,104.93534851074219
2023-04-27,166.1604461669922,322.72369384765625,149.8602752685547,128.65090942382812,315.1635437011719,397.948486328125,160.19000244140625,48.84695816040039,38.262882232666016,31.391435623168945,73.16615295410156,71.38977813720703,126.4652328491211,72.10169219970703,106.18966674804688
2023-04-28,167.41342163085938,325.4241943359375,150.50387573242188,129.76797485351562,317.3377685546875,401.344970703125,164.30999755859375,48.71466064453125,38.85624694824219,31.764917373657227,73.96051788330078,71.76974487304688,127.5445785522461,72.2874755859375,107.5621337890625
2023-05-01,167.3246307373047,324.784912109375,150.4119110107422,132.5465850830078,316.9737854003906,400.9397277832031,161.8300018310547,48.91471862792969,38.41807174682617,31.678728103637695,74.0046615600586,71.82535552978516,128.20367431640625,71.57367706298828,104.22637939453125
2023-05-02,166.28866577148438,321.4546813964844,151.7266387939453,130.4062957763672,314.209228515625,396.4334716796875,160.30999755859375,48.78242492675781,36.74752426147461,30.96050453186035,73.3132553100586,71.6307144165039,127.64965057373047,71.64701080322266,100.07258605957031
2023-05-03,165.21322631835938,318.8208923339844,149.74073791503906,127.64649963378906,312.153076171875,393.7123718261719,160.61000061035156,48.60173034667969,36.05373764038086,30.606170654296875,72.6954116821289,71.04686737060547,127.47772979736328,71.07991027832031,98.10022735595703
2023-05-04,163.57537841796875,316.1681823730469,149.06039428710938,125.90046691894531,311.05126953125,390.9237976074219,161.1999969482422,48.73776626586914,35.652076721191406,30.21354103088379,72.34723663330078,70.87077331542969,126.4652328491211,70.53235626220703,96.38235473632812
2023-05-05,171.25146484375,321.3210144042969,149.5660858154297,128.35992431640625,317.6624450683594,398.1607360839844,170.05999755859375,49.15884017944336,36.619720458984375,30.96050453186035,74.16157531738281,71.52879333496094,127.60189819335938,71.95991516113281,98.78192138671875
2023-05-08,171.1824188232422,320.8343811035156,149.2259063720703,128.66969299316406,318.44952392578125,398.2668762207031,171.7899932861328,49.46654510498047,36.619720458984375,31.00838279724121,74.12235260009766,71.31563568115234,127.32489013671875,72.20436096191406,99.17276000976562
2023-05-09,169.47549438476562,320.4049377441406,148.0674591064453,128.05014038085938,316.4326477050781,396.52032470703125,169.14999389648438,49.550758361816406,36.6334114074707,30.89345932006836,73.55352783203125,71.09320068359375,126.47477722167969,72.18479919433594,99.20002746582031
2023-05-10,171.24159240722656,320.13775634765625,148.61907958984375,128.11582946777344,319.87603759765625,398.373046875,168.5399932861328,49.41147994995117,36.21805953979492,30.721092224121094,74.45087432861328,70.98198699951172,126.82821655273438,72.55146026611328,97.92753601074219
2023-05-11,171.42906188964844,318.0765686035156,148.0122833251953,127.71221160888672,320.91888427734375,397.6783447265625,172.0800018310547,49.59611129760742,35.78444290161133,30.673206329345703,74.11744689941406,71.19514465332031,126.43658447265625,72.88880157470703,96.15514373779297
2023-05-12,170.50033569335938,317.95257568359375,147.8192138671875,125.8816909790039,319.7677917480469,397.15716552734375,167.97999572753906,49.57991409301758,35.83921432495117,30.548715591430664,74.01935577392578,71.47317504882812,126.26465606689453,72.2728042602539,96.14604187011719
2023-05-15,170.00634765625,318.49639892578125,146.68836975097656,126.94244384765625,321.499267578125,398.5274658203125,166.35000610351562,49.19446563720703,36.02179718017578,30.797698974609375,74.63230895996094,71.2970962524414,126.04497528076172,72.3656997680664,96.32939910888672
2023-05-16,170.00634765625,315.2330322265625,146.49530029296875,126.0882339477539,321.86328125,395.86419677734375,166.52000427246094,48.514278411865234,35.136314392089844,30.510408401489258,74.71076965332031,70.69467163085938,124.9942626953125,72.07235717773438,93.99152374267578
2023-05-17,170.61892700195312,319.2980041503906,146.1735076904297,129.96511840820312,325.7591857910156,400.6695556640625,173.86000061035156,48.433292388916016,35.81182861328125,31.123300552368164,75.70619201660156,70.65762329101562,125.14710235595703,73.57325744628906,96.10020446777344
2023-05-18,172.9506072998047,320.68157958984375,145.7046356201172,130.9507598876953,331.80963134765625,404.529296875,176.88999938964844,49.061668395996094,36.07200241088867,31.35313606262207,77.25572967529297,70.31470489501953,124.84143829345703,74.71726989746094,96.97117614746094
2023-05-19,173.05926513671875,319.5876159667969,146.0999755859375,130.6503448486328,331.0619201660156,403.940673828125,180.13999938964844,48.55637741088867,36.35042190551758,31.21906089782715,77.22138214111328,70.36104583740234,125.4240951538086,74.09149169921875,97.42040252685547
2023-05-22,172.11077880859375,318.3540344238281,145.31259155273438,129.5708465576172,332.17364501953125,404.1047058105469,188.8699951171875,48.12882614135742,36.199798583984375,31.27652359008789,77.36849212646484,69.29524230957031,125.54827880859375,73.8617172241211,96.23772430419922
2023-05-23,169.50245666503906,316.16412353515625,145.2570037841797,128.21908569335938,327.9629211425781,399.5694885253906,185.77000427246094,48.03813934326172,36.5877685546875,30.91261863708496,76.22596740722656,68.78551483154297,124.17282104492188,73.18704223632812,97.54876708984375
2023-05-24,169.7790985107422,313.6776123046875,145.11807250976562,127.04570007324219,326.2805480957031,396.6747131347656,182.89999389648438,47.8178825378418,36.74752426147461,30.510408401489258,75.66696166992188,68.34066772460938,123.32270812988281,72.91814422607422,98.63976287841797
2023-05-25,170.91529846191406,313.4290771484375,143.03384399414062,127.35546875,334.2199401855469,400.10986328125,184.47000122070312,47.34174346923828,36.09482192993164,30.50083351135254,78.56986999511719,67.82168579101562,122.06188201904297,72.590576171875,96.87033081054688
2023-05-26,173.32603454589844,316.38397216796875,142.97824096679688,128.54763793945312,342.7594299316406,405.2915954589844,193.1699981689453,47.42595672607422,35.95331954956055,30.749818801879883,80.80099487304688,68.05335998535156,121.81355285644531,74.29681396484375,96.23772430419922
2023-05-30,175.1736297607422,316.0780029296875,142.9967498779297,129.03578186035156,344.3138732910156,405.44598388671875,201.16000366210938,47.309349060058594,35.58361053466797,30.740243911743164,81.2325210571289,67.27487182617188,121.05894470214844,74.79547882080078,95.38508605957031
2023-05-31,175.1241912841797,315.12164306640625,143.63592529296875,127.39302825927734,342.35601806640625,403.1977233886719,203.92999267578125,47.571712493896484,34.95829772949219,30.414644241333008,80.55581665039062,67.34900665283203,122.10009002685547,74.12081146240234,93.67982482910156
2023-06-01,177.9301300048828,316.4796447753906,143.15423583984375,129.14845275878906,346.3110046386719,407.0284118652344,207.52000427246094,47.74661636352539,35.391910552978516,30.740243911743164,81.37471008300781,67.29341888427734,122.90242767333984,74.99592590332031,94.76165008544922
2023-06-02,178.77981567382812,323.2982177734375,145.4052276611328,131.86129760742188,348.908203125,412.9145812988281,213.97000122070312,48.20332336425781,36.46910095214844,31.41059112548828,81.8405532836914,68.2201919555664,124.47848510742188,76.75594329833984,96.96200561523438
2023-06-05,177.42628479003906,321.4428405761719,146.65577697753906,130.56588745117188,349.1542053222656,412.1233215332031,217.61000061035156,48.520748138427734,36.22718811035156,31.247791290283203,81.36981201171875,67.9699478149414,124.9273910522461,76.9857177734375,96.53109741210938
2023-06-06,177.06069946289062,321.4810485839844,146.52606201171875,130.80055236816406,349.09515380859375,413.02069091796875,221.30999755859375,48.514278411865234,36.51930618286133,31.640426635742188,81.3501968383789,67.62703704833984,123.88628387451172,77.78750610351562,97.3195571899414
2023-06-07,175.68736267089844,322.4375305175781,146.84103393554688,132.0678253173828,343.1726379394531,411.59259033203125,224.57000732421875,48.58552932739258,37.48694610595703,31.764917373657227,80.13411712646484,67.40463256835938,123.39913940429688,77.25950622558594,99.5015640258789
2023-06-08,178.40438842773438,324.0058288574219,148.45281982421875,132.10536193847656,347.4325256347656,414.0821228027344,234.86000061035156,49.288394927978516,37.32719421386719,31.736183166503906,81.00203704833984,67.86802673339844,124.19192504882812,78.40349578857422,99.18984985351562
2023-06-09,178.7897186279297,324.4457092285156,148.2212371826172,132.36822509765625,348.7607421875,414.8251037597656,244.39999389648438,49.58639144897461,37.12179946899414,31.74576759338379,81.40413665771484,67.75679016113281,124.5739974975586,78.80927276611328,98.45641326904297
2023-06-12,181.5857391357422,326.2627258300781,148.1193389892578,132.35882568359375,354.6537170410156,418.58837890625,249.8300018310547,49.913536071777344,36.765777587890625,31.736183166503906,83.17433166503906,67.73825073242188,125.02293395996094,80.16351318359375,97.56709289550781
2023-06-13,181.11154174804688,327.6493225097656,148.89747619628906,133.31631469726562,357.37884521484375,421.3481140136719,258.7099914550781,50.30221939086914,36.9392204284668,31.927717208862305,83.67938995361328,68.01629638671875,125.6533432006836,80.99462127685547,97.5854263305664
2023-06-14,181.74388122558594,325.5453796386719,149.65707397460938,132.8188018798828,359.97607421875,421.8498229980469,256.7900085449219,50.81074142456055,36.56038284301758,31.803220748901367,84.54241943359375,68.433349609375,124.36384582519531,80.93596649169922,96.41191101074219
2023-06-15,183.77914428710938,329.705322265625,151.6671600341797,134.3207550048828,364.26556396484375,427.0798034667969,255.89999389648438,51.08930969238281,36.96205139160156,32.224586486816406,85.63101959228516,69.1191635131836,126.2933120727539,81.46395874023438,97.0811996459961
2023-06-16,182.7022247314453,328.70477294921875,152.1303253173828,134.4803466796875,361.9731750488281,425.6251220703125,260.5400085449219,50.3767204284668,36.90727233886719,32.157554626464844,84.9249038696289,69.20256042480469,126.28377532958984,81.34173583984375,96.38441467285156
2023-06-20,182.79112243652344,326.3181457519531,152.03770446777344,133.79507446289062,361.4549865722656,423.41680908203125,274.45001220703125,49.93296432495117,36.081214904785156,31.917062759399414,84.35095977783203,68.67615509033203,126.1418228149414,81.95112609863281,94.17488861083984
2023-06-21,181.75375366210938,325.33099365234375,151.80612182617188,133.5979461669922,356.52923583984375,421.24737548828125,259.4599914550781,50.03014373779297,36.36670684814453,31.878583908081055,83.10285186767578,68.91883087158203,126.1609878540039,80.96649169921875,95.22924041748047
2023-06-22,184.7572784423828,325.2447204589844,153.4179229736328,131.02584838867188,360.73590087890625,422.7680358886719,264.6099853515625,50.44797897338867,35.87862014770508,31.628482818603516,83.78096008300781,69.32017517089844,127.0241928100586,82.0001220703125,94.7066421508789
2023-06-23,184.44110107421875,323.1553039550781,153.2882537841797,130.34060668945312,357.1597595214844,419.57183837890625,256.6000061035156,50.354042053222656,35.620765686035156,31.493816375732422,82.87189483642578,68.86283874511719,126.60221862792969,81.04977416992188,93.88150787353516
2023-06-26,183.04803466796875,323.1361083984375,151.5745391845703,130.65975952148438,352.3718566894531,417.8575439453125,241.0500030517578,50.22124099731445,36.26078796386719,31.426475524902344,82.27733612060547,68.95616149902344,125.88285064697266,80.01123809814453,95.61430358886719
2023-06-27,185.80458068847656,325.1392822265625,151.2595977783203,130.66912841796875,358.43060302734375,422.43865966796875,250.2100067138672,50.039859771728516,36.34367370605469,31.67658233642578,83.8989028930664,69.16150665283203,125.59513092041016,81.73069763183594,95.8526611328125
2023-06-28,186.98028564453125,324.5640869140625,150.95391845703125,130.0965118408203,359.1300964355469,422.6517333984375,256.239990234375,50.31193542480469,36.71204376220703,31.599624633789062,83.94802856445312,68.69482421875,125.19229125976562,82.05401611328125,96.6319580078125
2023-06-29,187.3162078857422,326.9891052246094,152.00990295410156,134.63987731933594,358.4109191894531,424.317626953125,257.5,49.971839904785156,37.135658264160156,32.14793014526367,84.09544372558594,68.62947845458984,126.00753021240234,82.1421890258789,97.82379913330078
2023-06-30,191.64369201660156,329.5672912597656,153.32530212402344,136.52674865722656,363.9376525878906,429.3248291015625,261.7699890136719,50.91115188598633,37.375099182128906,32.4268913269043,85.4320068359375,69.22683715820312,127.3023452758789,83.18563079833984,98.32804870605469
2023-07-03,190.15179443359375,329.7781982421875,151.315185546875,137.62501525878906,364.79473876953125,429.8187561035156,279.82000732421875,51.24153137207031,37.46257781982422,32.60966110229492,85.25019073486328,69.76818084716797,126.25691986083984,84.18987274169922,98.52058410644531
2023-07-05,189.0353546142578,328.57049560546875,150.81494140625,136.70822143554688,364.784912109375,429.17962646484375,282.4800109863281,51.2123908996582,37.255374908447266,32.54233169555664,84.72441101074219,69.6468505859375,126.18978118896484,84.22415161132812,98.01634216308594
2023-07-06,189.5095977783203,325.1392822265625,149.69410705566406,135.3566436767578,362.00677490234375,425.8188171386719,276.5400085449219,50.888484954833984,36.41734313964844,32.263362884521484,84.49838256835938,69.4695053100586,125.18270874023438,82.86720275878906,94.3582534790039
2023-07-07,188.3931121826172,323.41400146484375,147.51724243164062,136.42466735839844,360.8048095703125,424.7437438964844,274.42999267578125,49.7159538269043,37.20011901855469,32.311466217041016,84.1298599243164,68.56416320800781,123.72486114501953,82.97006225585938,94.57830047607422
2023-07-10,186.34796142578125,325.4747619628906,147.75808715820312,137.19027709960938,360.9230651855469,425.8188171386719,269.6099853515625,50.16617965698242,37.49020767211914,32.45574951171875,84.35095977783203,68.54549407958984,124.70317077636719,83.22481536865234,95.98101806640625
2023-07-11,185.8243408203125,328.4075622558594,146.94293212890625,139.3357696533203,362.70623779296875,428.5306091308594,269.7900085449219,50.091678619384766,38.314422607421875,32.84052658081055,84.53276824951172,68.64816284179688,124.73194122314453,83.92042541503906,97.15451049804688
2023-07-12,187.49404907226562,329.3564453125,146.43344116210938,140.02574157714844,367.2872009277344,431.9785461425781,271.989990234375,50.21800231933594,38.668975830078125,33.05215072631836,85.490966796875,68.80683135986328,124.39622497558594,84.67484283447266,97.63127899169922
2023-07-13,188.2548065185547,329.63446044921875,147.1096649169922,140.7062530517578,373.52325439453125,435.4071350097656,277.8999938964844,49.923255920410156,38.52163314819336,33.16758346557617,86.6064224243164,69.0961685180664,124.44419860839844,85.46844482421875,95.84349822998047
2023-07-14,188.4030303955078,330.8324890136719,148.09156799316406,141.55690002441406,373.44439697265625,435.13592529296875,281.3800048828125,50.09492111206055,37.5040168762207,32.94633483886719,86.47865295410156,69.32949829101562,126.314453125,85.68888092041016,92.54296875
2023-07-17,191.66346740722656,331.4842834472656,147.3505096435547,144.96893310546875,376.931884765625,436.6468505859375,290.3800048828125,50.156463623046875,37.430355072021484,33.26377868652344,87.58426666259766,69.12415313720703,125.73900604248047,86.03669738769531,92.94636535644531
2023-07-18,191.40655517578125,335.05926513671875,147.3412322998047,145.2335662841797,380.0154724121094,439.8913269042969,293.3399963378906,50.065773010253906,37.80792236328125,33.638938903808594,88.57687377929688,69.04949951171875,126.66932678222656,86.3894271850586,92.5246353149414
2023-07-19,192.76016235351562,336.123291015625,147.04483032226562,145.79122924804688,379.9267883300781,440.8695983886719,291.260009765625,50.08196258544922,38.02894592285156,33.783226013183594,88.35575103759766,69.74952697753906,127.2543716430664,86.69313049316406,93.1664047241211
2023-07-20,190.81375122070312,337.7909851074219,155.97459411621094,147.58702087402344,371.16876220703125,437.94464111328125,262.8999938964844,51.00832748413086,38.47557830810547,34.033321380615234,86.59168243408203,70.34687042236328,129.3644256591797,83.73919677734375,94.80750274658203
2023-07-21,189.6380157470703,337.7698059082031,157.65122985839844,146.4528350830078,370.0555419921875,437.94464111328125,260.0199890136719,51.296600341796875,38.81632614135742,33.91789627075195,86.54744720458984,70.58952331542969,130.66880798339844,83.75878143310547,95.24756622314453
2023-07-24,190.43832397460938,339.62109375,158.4756622314453,149.3355712890625,370.6466064453125,439.9010314941406,269.05999755859375,51.597835540771484,39.44253921508789,34.24495315551758,86.69977569580078,70.8602066040039,130.38108825683594,84.30744934082031,96.7419662475586
2023-07-25,191.29791259765625,339.8609313964844,159.68919372558594,148.22030639648438,373.15875244140625,441.1020812988281,265.2799987792969,51.55572509765625,39.649742126464844,34.023704528808594,87.69239044189453,70.841552734375,130.3235321044922,84.11148071289062,96.88865661621094
2023-07-26,192.1673583984375,340.7529296875,159.99484252929688,149.10873413085938,371.9174499511719,441.1698303222656,264.3500061035156,51.740352630615234,39.66355514526367,34.22571563720703,86.5130615234375,70.92554473876953,130.23719787597656,84.09190368652344,96.34773254394531
2023-07-27,190.90267944335938,338.3741149902344,160.8933563232422,147.46417236328125,371.0307922363281,438.2448425292969,255.7100067138672,51.55248260498047,39.41030502319336,33.7928466796875,86.26245880126953,70.30020141601562,129.27809143066406,83.21992492675781,96.65029907226562
2023-07-28,193.48138427734375,340.0143737792969,161.62515258789062,148.30535888671875,377.7890930175781,442.535400390625,266.44000244140625,51.795413970947266,39.53002166748047,33.86017990112305,87.43685913085938,71.0281982421875,129.6617431640625,84.63075256347656,95.49510955810547
2023-07-31,194.09393310546875,341.05999755859375,155.18722534179688,149.2977752685547,377.9859924316406,443.3780212402344,267.42999267578125,51.77922821044922,40.28056335449219,33.9852294921875,87.6383285522461,70.70154571533203,128.66424560546875,85.11083984375,98.31888580322266
2023-08-01,193.26400756835938,341.6641845703125,156.44703674316406,148.56056213378906,377.1092224121094,442.1092834472656,261.07000732421875,51.536293029785156,40.09177017211914,33.9852294921875,87.78572845458984,70.31885528564453,127.99288177490234,84.14579010009766,97.75045776367188
2023-08-02,190.27037048339844,338.34527587890625,157.39186096191406,146.87814331054688,368.8338623046875,435.9591979980469,254.11000061035156,51.57192611694336,39.566864013671875,33.69664764404297,85.61383056640625,70.57087707519531,128.07919311523438,82.636962890625,96.53109741210938
2023-08-03,188.87725830078125,337.6259460449219,158.06808471679688,147.7760772705078,368.2428283691406,434.70977783203125,259.32000732421875,51.58488082885742,39.96745681762695,33.71588897705078,85.26495361328125,70.37487030029297,127.43660736083984,82.83291625976562,98.20887756347656
2023-08-04,179.80738830566406,336.3407287597656,156.58595275878906,147.46417236328125,366.518798828125,432.7436828613281,253.86000061035156,51.28688430786133,40.022708892822266,33.58121871948242,84.10527801513672,69.67485046386719,126.98580932617188,84.03801727294922,98.48389434814453
2023-08-07,176.70501708984375,340.1485900878906,160.3468475341797,148.16357421875,369.6220703125,436.52093505859375,251.4499969482422,51.983272552490234,40.068756103515625,34.05256271362305,84.34114074707031,70.24420166015625,128.4532470703125,84.90017700195312,98.28221130371094
2023-08-08,177.6436004638672,338.61395263671875,160.42095947265625,147.33184814453125,366.47943115234375,434.6225891113281,249.6999969482422,52.03510284423828,40.26675033569336,33.7447509765625,83.69251251220703,69.74017333984375,129.44114685058594,84.22415161132812,98.76812744140625
2023-08-09,176.05291748046875,336.9448547363281,160.31906127929688,145.35643005371094,362.4500732421875,431.717041015625,242.19000244140625,52.11931228637695,40.773250579833984,33.4946403503418,82.61146545410156,69.84284210205078,129.40277099609375,83.22481536865234,100.44588470458984
2023-08-10,175.8355712890625,337.53009033203125,159.48536682128906,145.13905334472656,363.1199645996094,431.8720397949219,245.33999633789062,52.09330749511719,40.76865005493164,33.523502349853516,82.62130737304688,69.70285034179688,129.3164520263672,83.42566680908203,100.95931243896484
2023-08-11,175.89491271972656,338.59466552734375,161.0415802001953,145.9802703857422,360.8048095703125,431.62017822265625,242.64999389648438,52.39886474609375,41.39486312866211,33.59083557128906,82.01197814941406,69.81484985351562,130.12210083007812,83.14154052734375,102.52705383300781
2023-08-14,177.54713439941406,338.7961730957031,160.6617889404297,146.28271484375,364.8538513183594,434.0027770996094,239.75999450683594,52.0088005065918,41.219886779785156,33.523502349853516,83.31906127929688,69.4695053100586,130.5153350830078,83.39627838134766,102.60955810546875
2023-08-15,175.55856323242188,335.3430480957031,160.19863891601562,142.5587615966797,360.9822082519531,428.9471130371094,232.9600067138672,51.74225616455078,40.36345291137695,32.90785598754883,82.49845123291016,68.72283172607422,130.0357666015625,82.25975036621094,99.9752426147461
2023-08-16,174.68795776367188,333.57818603515625,159.68919372558594,141.953857421875,357.1597595214844,425.7994384765625,225.60000610351562,51.76826477050781,40.01350021362305,32.859764099121094,81.71222686767578,68.56416320800781,129.0478973388672,81.2408218383789,98.29296112060547
2023-08-17,172.14537048339844,330.97869873046875,161.18978881835938,140.47943115234375,353.258544921875,422.55487060546875,219.22000122070312,50.607810974121094,40.492374420166016,32.69622802734375,80.93585205078125,67.90147399902344,128.02163696289062,79.86427307128906,100.19706726074219
2023-08-18,172.630126953125,331.5263366699219,159.78179931640625,140.80078125,352.8151550292969,422.75830078125,215.49000549316406,51.3359375,40.892967224121094,32.686614990234375,81.0586929321289,68.15348815917969,128.06961059570312,79.68302917480469,101.71296691894531
2023-08-21,173.9657440185547,331.0940246582031,155.02047729492188,141.2827911376953,358.4996032714844,425.5088195800781,231.27999877929688,51.19941329956055,40.63511657714844,32.648136138916016,82.60655212402344,67.6961441040039,128.20391845703125,80.5990982055664,100.4836196899414
2023-08-22,175.34091186523438,329.4513244628906,153.78846740722656,138.352783203125,357.9873046875,424.3563232421875,233.19000244140625,51.03688430786133,40.32200241088867,32.3403205871582,82.51319122314453,67.31346893310547,127.75312042236328,80.7166519165039,99.9197769165039
2023-08-23,179.18942260742188,331.2477111816406,152.40823364257812,139.28851318359375,363.63226318359375,429.0826721191406,236.86000061035156,51.39120101928711,40.220703125,32.65775680541992,84.0020751953125,67.76145935058594,128.1367645263672,81.36328125,99.04165649414062
2023-08-24,174.49996948242188,327.59747314453125,152.92697143554688,139.15618896484375,355.85931396484375,423.1360168457031,230.0399932861328,50.99787521362305,39.944427490234375,32.54233169555664,82.0660400390625,67.22013092041016,127.0241928100586,79.77119445800781,98.30218505859375
2023-08-25,176.70619201660156,329.9701843261719,155.11962890625,138.98605346679688,358.6177673339844,426.1190185546875,238.58999633789062,51.3001823425293,40.33120346069336,32.69622802734375,82.90138244628906,67.59345245361328,127.95453643798828,80.66278839111328,100.05842590332031
2023-08-28,178.2693634033203,332.0931396484375,153.29083251953125,139.46807861328125,361.3171691894531,428.82122802734375,238.82000732421875,51.59273147583008,40.602882385253906,32.879005432128906,83.57949829101562,67.90147399902344,128.2518310546875,80.98609161376953,100.89955139160156
2023-08-29,182.157470703125,334.8884582519531,153.3095245361328,140.602294921875,369.2082214355469,435.0197448730469,257.17999267578125,52.025054931640625,40.7133903503418,33.177207946777344,85.2551040649414,68.14414978027344,129.40277099609375,83.00928497314453,101.5003662109375
2023-08-30,185.64984130859375,335.6377258300781,152.7683563232422,140.03518676757812,371.2672119140625,436.8115234375,256.8999938964844,52.39886474609375,40.915992736816406,33.19644546508789,85.8988265991211,68.25614166259766,129.30690002441406,83.36687469482422,102.4894027709961
2023-08-31,185.86752319335938,334.11041259765625,150.8555908203125,138.3055419921875,372.38043212890625,436.1722106933594,258.0799865722656,52.8571891784668,40.9436149597168,33.07139205932617,86.3165054321289,67.91082000732422,127.76272583007812,83.62651824951172,102.77593994140625
2023-09-01,187.44056701660156,335.23431396484375,149.73594665527344,138.76866149902344,371.9863586425781,436.98577880859375,245.00999450683594,52.519134521484375,41.781646728515625,33.36959457397461,86.58184814453125,67.33213806152344,128.1079864501953,83.11703491210938,104.92962646484375
2023-09-05,187.6780242919922,333.3131408691406,149.9225311279297,137.2375030517578,372.459228515625,435.09716796875,256.489990234375,52.096561431884766,42.00266647338867,33.03291320800781,86.89143371582031,66.75344848632812,126.78440856933594,83.17581939697266,104.93885803222656
2023-09-06,180.9603729248047,331.4110412597656,147.43130493164062,137.01068115234375,369.1786804199219,432.1722717285156,251.9199981689453,52.486629486083984,42.02107620239258,33.013671875,85.97254180908203,66.67877960205078,126.09385681152344,82.43610382080078,105.8447036743164
2023-09-07,175.66738891601562,332.0738220214844,149.31607055664062,135.8386993408203,366.53851318359375,430.8453674316406,251.49000549316406,53.13674545288086,41.979637145996094,32.92709732055664,84.72933197021484,66.83745574951172,126.65972137451172,82.6663589477539,105.32707977294922
2023-09-08,176.28077697753906,332.8616027832031,149.8105926513672,135.942626953125,367.0507507324219,431.4942932128906,248.5,53.234256744384766,42.38484573364258,32.99443435668945,84.9062271118164,66.92145538330078,126.65972137451172,82.6663589477539,106.8614730834961
2023-09-11,177.4481964111328,333.6876220703125,151.77001953125,136.53810119628906,371.3756103515625,434.33209228515625,273.5799865722656,53.41953659057617,41.82768630981445,33.14834213256836,85.34848022460938,67.50012969970703,127.53253936767578,84.890380859375,105.52120208740234
2023-09-12,174.4208221435547,333.5340270996094,152.62840270996094,138.31497192382812,367.25762939453125,431.94952392578125,267.4800109863281,53.47804260253906,42.81306076049805,33.36959457397461,83.80060577392578,66.92145538330078,127.3694839477539,84.12129211425781,108.59920501708984
2023-09-13,172.3531036376953,332.8999328613281,153.01095581054688,138.38116455078125,368.65655517578125,432.4531555175781,271.29998779296875,53.49104690551758,42.49074935913086,33.36959457397461,84.01190185546875,67.12679290771484,127.38865661621094,84.78751373291016,107.62865447998047
2023-09-14,173.86680603027344,336.1564636230469,152.77767944335938,141.06539916992188,371.671142578125,436.18182373046875,276.0400085449219,53.715335845947266,42.988040924072266,33.67741012573242,84.6212158203125,67.80813598632812,127.79147338867188,85.62030029296875,109.55125427246094
2023-09-15,173.14454650878906,333.38555908203125,150.6409912109375,140.64955139160156,365.3069763183594,430.9266662597656,274.3900146484375,53.517059326171875,42.36642074584961,33.5042610168457,82.99474334716797,67.24813842773438,126.78440856933594,84.15557098388672,107.86898803710938
2023-09-18,176.07301330566406,333.3951416015625,151.59271240234375,140.94252014160156,365.6878356933594,431.1794128417969,265.2799987792969,53.12049102783203,42.725440979003906,33.59605407714844,83.39361572265625,67.22463989257812,126.591796875,83.2403335571289,108.73785400390625
2023-09-19,177.1613006591797,332.3548278808594,151.34078979492188,140.76292419433594,364.9084167480469,430.28521728515625,266.5,53.10748291015625,42.32653045654297,33.55739974975586,83.34930419921875,67.06489562988281,126.69774627685547,82.82319641113281,108.4512939453125
2023-09-20,173.61947631835938,331.6325988769531,152.00328063964844,140.16751098632812,359.6499328613281,426.3294372558594,262.5899963378906,53.27976608276367,41.932254791259766,33.32551193237305,82.03943634033203,67.13066864013672,126.70738220214844,81.99874877929688,107.59168243408203
2023-09-21,172.0760955810547,328.03033447265625,150.83694458007812,139.0711212158203,353.0595397949219,419.2829284667969,255.6999969482422,52.632904052734375,41.357078552246094,32.77475357055664,80.78865051269531,66.26615905761719,125.59984588623047,79.76094055175781,106.07579040527344
2023-09-22,172.92691040039062,327.06719970703125,149.75460815429688,137.73843383789062,353.1088562011719,418.34014892578125,244.8800048828125,52.772682189941406,41.42666244506836,32.52353286743164,80.96100616455078,65.9090805053711,125.33982849121094,78.97576141357422,106.2421646118164
2023-09-25,174.20315551757812,327.4525146484375,149.53067016601562,138.41897583007812,354.7860412597656,420.0993347167969,246.99000549316406,53.006717681884766,41.94617462158203,32.600830078125,81.22198486328125,65.67416381835938,126.02359771728516,79.46159362792969,107.4345474243164
2023-09-26,170.12705993652344,323.6576232910156,148.37368774414062,136.9822998046875,349.4585266113281,413.92755126953125,244.1199951171875,52.821441650390625,41.7049674987793,32.16602325439453,79.75946044921875,65.18553161621094,124.95465087890625,78.01390075683594,107.6009292602539
2023-09-27,168.61338806152344,323.07012939453125,146.59158325195312,137.78570556640625,350.27734375,414.0927734375,240.5,52.567893981933594,42.74399948120117,32.11771774291992,79.88257598876953,64.64991760253906,124.32866668701172,77.71453857421875,111.1041259765625
2023-09-28,168.87062072753906,324.2162170410156,146.37696838378906,139.49644470214844,353.20751953125,416.4934387207031,246.3800048828125,52.834442138671875,42.79038619995117,32.349609375,80.44886779785156,64.84725189208984,124.92574310302734,78.58314514160156,110.42936706542969
2023-09-29,169.38510131835938,322.60791015625,145.3226318359375,137.0673828125,353.46405029296875,415.482666015625,250.22000122070312,51.986045837402344,41.92761993408203,32.05007553100586,80.72462463378906,64.65931701660156,123.9819564819336,79.00029754638672,108.6823959350586
2023-10-02,171.8979949951172,321.77947998046875,144.7627716064453,135.8859405517578,356.4139404296875,415.3174133300781,251.60000610351562,52.04130935668945,41.092681884765625,31.77953338623047,81.59132385253906,64.2176742553711,123.80860900878906,79.06407928466797,106.87994384765625
2023-10-03,170.56239318847656,317.8209533691406,144.94007873535156,134.88406372070312,350.1590576171875,409.7579345703125,246.52999877929688,51.7130012512207,41.064849853515625,31.277080535888672,80.20758056640625,63.75722122192383,122.71073150634766,77.14037322998047,107.0648193359375
2023-10-04,171.8089599609375,318.7937316894531,145.10801696777344,135.48898315429688,354.9242248535156,412.7418212890625,261.1600036621094,52.33385467529297,39.77534484863281,31.508983612060547,81.20721435546875,64.2646484375,123.23077392578125,78.66167449951172,103.06248474121094
2023-10-05,173.04563903808594,318.9671325683594,146.61956787109375,136.06024169921875,353.8784484863281,412.5862731933594,260.04998779296875,51.709754943847656,39.52949905395508,31.653913497924805,81.31556701660156,62.99608612060547,123.9049072265625,78.26908874511719,100.74241638183594
2023-10-06,175.59814453125,321.78912353515625,147.08607482910156,138.15496826171875,359.8078308105469,417.48480224609375,260.5299987792969,50.84185028076172,39.76606369018555,31.924463272094727,82.83716583251953,62.648399353027344,125.20501708984375,78.81871032714844,99.06014251708984
2023-10-09,177.08213806152344,323.7057189941406,147.92581176757812,137.84072875976562,361.6428527832031,420.15765380859375,259.6700134277344,50.65657043457031,41.092681884765625,31.94378662109375,83.26557922363281,62.70479202270508,125.6384048461914,78.90214538574219,102.52637481689453
2023-10-10,176.48854064941406,325.0157165527344,147.7578582763672,138.67860412597656,363.6455383300781,422.344482421875,263.6199951171875,51.228660583496094,41.143707275390625,32.17568588256836,83.39361572265625,63.34375762939453,126.2354736328125,79.76585388183594,102.0919418334961
2023-10-11,177.88351440429688,325.5743103027344,145.72384643554688,139.15467834472656,366.2403259277344,424.0745849609375,262.989990234375,51.433448791503906,40.61491394042969,32.223995208740234,84.16674041748047,62.91150665283203,125.6769027709961,80.05048370361328,98.43160247802734
2023-10-12,178.78382873535156,323.879150390625,145.86380004882812,138.8309783935547,364.9676208496094,421.4892272949219,258.8699951171875,51.6674919128418,40.66130828857422,32.02108383178711,84.24552917480469,62.225547790527344,124.59832000732422,79.17697143554688,98.41311645507812
2023-10-13,176.94363403320312,324.2740173339844,146.34896850585938,140.91612243652344,360.3800048828125,419.3898010253906,251.1199951171875,51.95353698730469,41.55653381347656,32.08871841430664,83.03907775878906,62.77055358886719,125.37838745117188,78.01390075683594,101.55582427978516
2023-10-16,176.81503295898438,327.36572265625,146.98345947265625,140.77333068847656,364.45458984375,423.80242919921875,253.9199981689453,52.40211868286133,41.83485412597656,32.426910400390625,83.83679962158203,63.4189338684082,126.32215118408203,79.27510833740234,101.62976837158203
2023-10-17,175.2617645263672,327.46209716796875,145.6398468017578,140.46864318847656,363.2608642578125,423.7829895019531,254.85000610351562,52.47037887573242,42.270870208740234,32.58150863647461,83.44779968261719,63.69144821166992,126.14878845214844,79.46159362792969,102.96080780029297
2023-10-18,173.9657440185547,324.22589111328125,142.5048065185547,138.92616271972656,358.4956359863281,418.1360168457031,242.67999267578125,52.5093879699707,42.65586853027344,32.02108383178711,82.59095764160156,63.926353454589844,125.05093383789062,77.59675598144531,104.40275573730469
2023-10-19,173.58978271484375,321.80841064453125,142.12225341796875,138.3358612060547,355.1412658691406,414.4620666503906,220.11000061035156,52.25909423828125,42.58164978027344,31.5959415435791,82.11821746826172,63.45652770996094,123.81824493408203,75.61415100097656,104.46746063232422
2023-10-20,171.0372772216797,319.16497802734375,142.75672912597656,136.10784912109375,349.8432922363281,409.369140625,211.99000549316406,51.605735778808594,41.86731719970703,31.112825393676758,80.72956085205078,63.21220779418945,123.32709503173828,74.4412612915039,102.67427062988281
2023-10-23,171.15597534179688,317.3629150390625,141.25453186035156,134.2511749267578,350.8989562988281,408.65960693359375,212.0800018310547,52.337100982666016,41.190093994140625,30.919580459594727,80.8231201171875,63.09004592895508,122.5566635131836,74.52959442138672,101.1676025390625
2023-10-24,171.59132385253906,319.4059143066406,141.10519409179688,134.4130401611328,354.3125,411.7406921386719,216.52000427246094,53.06523132324219,40.61027908325195,31.132150650024414,81.37956237792969,63.62565612792969,122.9322509765625,75.3246078491211,100.18781280517578
2023-10-25,169.2762451171875,318.3554992675781,141.42250061035156,133.67990112304688,345.6404113769531,405.831298828125,212.4199981689453,52.90595626831055,40.53606033325195,31.01620101928711,80.41932678222656,63.841796875,121.83438110351562,73.80329132080078,100.3726806640625
2023-10-26,165.11111450195312,315.91729736328125,139.02452087402344,134.02268981933594,339.0500183105469,400.9715881347656,205.75999450683594,52.58414840698242,40.22064208984375,30.948562622070312,78.88292694091797,63.4283332824707,120.63057708740234,72.6500244140625,99.45760345458984
2023-10-27,166.4269256591797,312.4192199707031,135.8521728515625,129.19532775878906,340.67791748046875,399.15411376953125,207.3000030517578,52.38911056518555,39.255828857421875,30.38814926147461,79.34088897705078,62.5638313293457,118.58892822265625,73.41070556640625,97.56273651123047
2023-10-30,168.47486877441406,317.2762145996094,137.18641662597656,130.84254455566406,344.5157165527344,403.9263610839844,197.36000061035156,52.9904670715332,39.38570785522461,30.92923927307129,80.19281005859375,63.541099548339844,119.25341796875,74.0830307006836,97.86775970458984
2023-10-31,168.9497528076172,318.48077392578125,138.40869140625,132.40402221679688,346.163330078125,406.4631042480469,200.83999633789062,53.11723709106445,39.51559066772461,31.267419815063477,80.76402282714844,63.766624450683594,119.93719482421875,74.64246368408203,97.84003448486328
2023-11-01,172.1156463623047,320.6009826660156,138.7352752685547,132.28977966308594,352.17156982421875,410.7978820800781,205.66000366210938,53.591819763183594,39.42281723022461,31.47032928466797,82.32501983642578,63.70083999633789,120.18757629394531,75.56507873535156,97.64592742919922
2023-11-02,175.6772918701172,326.1036071777344,140.1815185546875,134.6510772705078,358.5646667480469,418.67059326171875,218.50999450683594,53.80310821533203,40.61491394042969,32.21434020996094,83.71862030029297,64.52775573730469,122.09440612792969,77.53787231445312,100.85333251953125
2023-11-03,174.76708984375,328.24298095703125,141.20785522460938,136.15545654296875,362.7773742675781,422.4903259277344,219.9600067138672,53.5235595703125,40.206729888916016,32.63948059082031,84.58039093017578,64.60293579101562,122.70111846923828,78.62732696533203,99.62398529052734
2023-11-06,177.31961059570312,328.6573791503906,141.54376220703125,137.18377685546875,364.25732421875,423.46221923828125,219.27000427246094,53.595069885253906,39.75215148925781,32.54285430908203,85.1368408203125,64.70629119873047,123.51969909667969,78.7254638671875,97.8585205078125
2023-11-07,179.8819580078125,329.1392517089844,140.7973175048828,137.11709594726562,367.7004699707031,424.6673583984375,222.17999267578125,53.84536361694336,38.87083053588867,32.494544982910156,86.06753540039062,64.86605072021484,123.60637664794922,79.60391235351562,96.32415008544922
2023-11-08,180.9405975341797,328.7344970703125,140.2841339111328,137.79312133789062,367.9372863769531,424.97845458984375,222.11000061035156,53.40653610229492,38.38378143310547,32.53319549560547,86.55503845214844,64.61233520507812,123.43302917480469,79.39289093017578,95.14100646972656
2023-11-09,180.4656982421875,326.79742431640625,137.55030822753906,137.38369750976562,365.1057434082031,421.66412353515625,209.97999572753906,53.283016204833984,38.267822265625,32.397918701171875,86.1512451171875,64.3492202758789,120.88096618652344,77.91083526611328,95.16871643066406
2023-11-10,184.65611267089844,330.5558776855469,137.39169311523438,139.4212646484375,373.31414794921875,428.2441101074219,214.64999389648438,54.02090072631836,38.68992614746094,32.76509094238281,88.40167236328125,64.80026245117188,121.60324096679688,79.2063980102539,95.89894104003906
2023-11-13,183.07107543945312,331.0954895019531,137.7462615966797,138.80239868164062,372.1499938964844,427.8359680175781,223.7100067138672,54.505218505859375,38.96823501586914,32.71678161621094,87.8846206665039,65.00698852539062,122.3062744140625,79.54502868652344,96.90646362304688
2023-11-14,185.68638610839844,335.76934814453125,137.77423095703125,141.3350830078125,380.1610412597656,436.13629150390625,237.41000366210938,54.4954719543457,39.316131591796875,33.33517074584961,89.64260864257812,65.67416381835938,123.13447570800781,82.22449493408203,97.27957153320312
2023-11-15,186.2510223388672,337.5523376464844,138.83792114257812,142.57284545898438,380.4471740722656,437.0595703125,242.83999633789062,55.18783950805664,39.24191665649414,33.51875305175781,89.755859375,66.20039367675781,123.23077392578125,82.32264709472656,96.69193267822266
2023-11-16,187.93516540527344,337.311279296875,140.0509033203125,144.20101928710938,380.77276611328125,437.59417724609375,233.58999633789062,50.721580505371094,38.4765510559082,33.654029846191406,90.20396423339844,65.38288116455078,123.76045227050781,81.47855377197266,95.57258605957031
2023-11-17,187.9153594970703,337.42425537109375,139.76162719726562,145.50546264648438,380.86151123046875,438.1384582519531,234.3000030517578,50.49729537963867,39.28366470336914,33.82794952392578,90.0168685913086,65.29830169677734,123.51007843017578,82.02327728271484,97.90454864501953
2023-11-20,189.65887451171875,339.4425048828125,140.9937286376953,145.95291137695312,385.4985046386719,441.5111083984375,235.60000610351562,50.48103713989258,39.33932113647461,33.963226318359375,91.3218002319336,65.2513198852539,124.2612533569336,82.44532775878906,97.4754638671875
2023-11-21,188.85647583007812,338.7664794921875,142.13174438476562,145.64825439453125,383.2589416503906,440.5487976074219,241.1999969482422,50.66307067871094,39.251190185546875,33.94390106201172,90.5831527709961,65.44865417480469,125.01241302490234,82.23431396484375,97.43814849853516
2023-11-22,189.5201873779297,340.44671630859375,141.84959411621094,145.99102783203125,384.82757568359375,442.24969482421875,234.2100067138672,50.2762565612793,39.232635498046875,34.07917404174805,90.98695373535156,65.91848754882812,125.6094741821289,82.4845962524414,97.01839447021484
2023-11-24,188.1927032470703,341.6441650390625,143.42967224121094,146.19097900390625,384.28497314453125,442.5218200683594,235.4499969482422,50.72808837890625,39.39498519897461,34.185455322265625,90.80967712402344,66.16280364990234,126.28364562988281,82.56310272216797,97.5407485961914
2023-11-27,188.01438903808594,341.18060302734375,142.28221130371094,145.85772705078125,383.9495849609375,441.7248840332031,236.0800018310547,50.95886993408203,39.255828857421875,34.06950759887695,90.80474853515625,65.97486114501953,125.49392700195312,82.69561004638672,96.97175598144531
2023-11-28,188.6186981201172,341.9435119628906,142.61141967773438,146.19097900390625,384.9558410644531,442.1622314453125,246.72000122070312,51.56672286987305,39.26510238647461,34.05984878540039,90.97710418701172,66.27555084228516,124.84869384765625,83.17162322998047,96.91578674316406
2023-11-29,187.5983428955078,342.4649353027344,143.06288146972656,146.9336395263672,384.5810241699219,441.8512268066406,244.13999938964844,50.734588623046875,38.97288131713867,34.30140686035156,91.0460433959961,65.73994445800781,124.88719940185547,82.94589233398438,95.46066284179688
2023-11-30,188.1728973388672,347.63104248046875,145.46119689941406,148.60940551757812,383.6140441894531,443.5909423828125,240.0800018310547,50.607810974121094,39.232635498046875,34.68790054321289,91.17899322509766,66.3977279663086,126.45698547363281,82.8281021118164,95.8337631225586
2023-12-01,189.45083618164062,350.57623291015625,148.95994567871094,149.3330078125,384.709228515625,446.2152404785156,238.8300018310547,50.16898727416992,39.43672561645508,34.948787689208984,91.38581848144531,66.67021179199219,126.957763671875,83.96173858642578,96.06696319580078
2023-12-04,187.65774536132812,350.180419921875,149.43020629882812,150.42799377441406,381.1377868652344,443.87286376953125,235.5800018310547,50.15598678588867,39.255828857421875,34.91014099121094,90.2729263305664,66.75479888916016,127.19852447509766,83.64274597167969,95.54460144042969
2023-12-05,191.61044311523438,349.4755859375,149.11984252929688,150.408935546875,382.0947265625,443.78533935546875,238.72000122070312,50.62081527709961,38.5693244934082,34.73621368408203,90.81460571289062,66.22857666015625,127.03479766845703,83.78997039794922,93.68838500976562
2023-12-06,190.52076721191406,348.80926513671875,147.3046417236328,148.82838439941406,379.88482666015625,441.99700927734375,239.3699951171875,50.071468353271484,37.9941520690918,34.56229019165039,90.04640197753906,66.05943298339844,127.131103515625,83.91266632080078,92.44779205322266
2023-12-07,192.4524688720703,349.3983154296875,146.1571807861328,149.285400390625,385.192626953125,445.36962890625,242.63999938964844,49.741943359375,37.73439025878906,34.7265510559082,91.13960266113281,66.34134674072266,126.97702026367188,84.6046142578125,91.80415344238281
2023-12-08,193.87904357910156,350.6439208984375,145.23548889160156,150.93260192871094,386.9093322753906,447.2843322753906,243.83999633789062,49.21992874145508,38.14258575439453,34.91014099121094,91.91764831542969,65.88089752197266,127.18889617919922,84.99230194091797,92.85821533203125
2023-12-11,191.3726806640625,352.15997314453125,145.83740234375,151.48489379882812,390.2143859863281,449.0240478515625,239.74000549316406,49.343902587890625,38.18896484375,35.122703552246094,92.72029113769531,66.51048278808594,128.0267333984375,85.21803283691406,92.92350006103516
2023-12-12,192.88836669921875,353.8209228515625,145.84683227539062,152.83688354492188,393.3221130371094,451.07489013671875,237.00999450683594,49.38306427001953,37.66481018066406,35.37392807006836,93.33585357666016,66.72661590576172,128.57565307617188,85.48304748535156,91.45904541015625
2023-12-13,196.1079864501953,358.9677734375,146.5240020751953,153.3510284423828,398.3240661621094,457.2952575683594,239.2899932861328,50.26070022583008,38.18896484375,35.94401168823242,94.1582260131836,67.93880462646484,130.94476318359375,86.60194396972656,92.27054595947266
2023-12-14,196.25657653808594,360.503173828125,147.53973388671875,156.14080810546875,397.9787902832031,458.7629089355469,251.0500030517578,49.64733123779297,39.31148910522461,36.301517486572266,93.9267807006836,66.94273376464844,130.30914306640625,87.7650146484375,94.75174713134766
2023-12-15,195.7216339111328,360.6318359375,145.9314727783203,157.32142639160156,399.9026184082031,458.00750732421875,253.5,49.83330154418945,39.10276412963867,36.08893966674805,94.3995132446289,66.94273376464844,129.20162963867188,87.94660186767578,94.1174545288086
2023-12-18,194.05734252929688,360.9705810546875,146.19482421875,158.27354431152344,402.4214782714844,460.5838317871094,252.0800018310547,50.56085968017578,39.42214584350586,36.209354400634766,94.68180847167969,67.63957977294922,129.41250610351562,88.49230194091797,94.8170394897461
2023-12-19,195.09750366210938,363.409423828125,147.15414428710938,160.38731384277344,404.4776916503906,463.3846130371094,257.2200012207031,50.74357223510742,39.895137786865234,36.48124313354492,95.04206848144531,67.77212524414062,130.28314208984375,89.18548583984375,96.06696319580078
2023-12-20,193.0072479248047,358.8607482910156,144.1538848876953,158.57827758789062,398.4672546386719,456.9633483886719,247.13999938964844,50.149776458740234,39.525169372558594,35.830657958984375,93.6059341430664,66.45608520507812,128.3968048095703,87.55821228027344,94.46257781982422
2023-12-21,192.858642578125,361.8415832519531,145.6304931640625,159.48277282714844,403.1036071777344,461.2962646484375,254.5,50.505393981933594,39.67971420288086,36.18021774291992,94.65713500976562,66.92000579833984,129.96392822265625,88.89051055908203,94.89167022705078
2023-12-22,191.7887725830078,361.7641906738281,146.213623046875,159.38754272460938,403.7066650390625,462.2232666015625,252.5399932861328,51.108985900878906,39.796791076660156,36.257904052734375,94.78050994873047,67.43128204345703,130.61204528808594,88.23664855957031,95.05955505371094
2023-12-26,191.243896484375,363.2642517089844,146.8531951904297,160.3302001953125,406.1780700683594,464.1750793457031,256.6099853515625,51.03068161010742,40.13865280151367,36.403560638427734,95.17533874511719,67.71532440185547,130.90225219726562,88.61029052734375,95.27410125732422
2023-12-27,191.34295654296875,364.43524169921875,147.05067443847656,161.29183959960938,407.0048522949219,465.0143127441406,261.44000244140625,51.510292053222656,39.960693359375,36.52008056640625,95.17040252685547,68.02777099609375,131.45362854003906,88.91510009765625,94.82636260986328
2023-12-28,191.76893615722656,364.89019775390625,147.2670135498047,162.14878845214844,406.8070068359375,465.18994140625,253.17999267578125,51.409149169921875,39.35189437866211,36.62689208984375,95.28389739990234,68.05616760253906,131.79222106933594,88.45296478271484,93.45518493652344
2023-12-29,190.72877502441406,364.7353515625,147.4175262451172,161.95834350585938,405.0465087890625,463.84332275390625,248.47999572753906,51.435245513916016,39.262916564941406,36.51036071777344,94.99272918701172,68.19818878173828,131.92762756347656,87.90725708007812,93.25930786132812
2024-01-02,183.9032440185547,364.9482727050781,150.4553680419922,163.84359741210938,398.1922302246094,461.24749755859375,248.4199981689453,51.97031784057617,39.68439483642578,36.665733337402344,92.50538635253906,68.96509552001953,134.24928283691406,87.09117126464844,95.47930908203125
2024-01-03,182.52622985839844,362.1609802246094,151.39588928222656,163.1294708251953,393.9787292480469,457.48052978515625,238.4499969482422,51.97358322143555,40.330657958984375,36.35499954223633,91.5627670288086,68.4254150390625,134.0268096923828,85.33116149902344,96.28150177001953
2024-01-04,180.20811462402344,362.4803466796875,151.0761260986328,164.21202087402344,391.95111083984375,456.0069885253906,237.92999267578125,51.471134185791016,39.62351608276367,36.50065994262695,90.89157104492188,68.33074951171875,134.6942901611328,84.73137664794922,95.44200134277344
2024-01-05,179.48497009277344,362.5771179199219,151.54637145996094,165.03591918945312,392.416015625,456.631591796875,237.49000549316406,51.128562927246094,39.65629577636719,36.65602111816406,90.86689758300781,68.17926025390625,134.5782012939453,84.86412048339844,95.73115539550781
2024-01-08,183.823974609375,364.7062683105469,151.92259216308594,164.79641723632812,400.52642822265625,463.150390625,240.4499969482422,51.631004333496094,39.197349548339844,36.889068603515625,93.14695739746094,68.68106842041016,135.76803588867188,86.30948638916016,94.1361083984375
2024-01-09,183.40789794921875,363.0997619628906,152.01666259765625,163.49351501464844,401.31768798828125,462.44781494140625,234.9600067138672,51.97684860229492,38.569820404052734,36.65602111816406,93.29501342773438,68.8609619140625,135.74868774414062,85.98993682861328,92.97012329101562
2024-01-10,184.44810485839844,364.812744140625,152.2423553466797,163.83843994140625,404.03759765625,465.0631408691406,233.94000244140625,52.622840881347656,38.190494537353516,36.71428298950195,94.08956909179688,68.71893310546875,136.3677978515625,86.67819213867188,92.0560073852539
2024-01-11,183.8536834716797,365.0256652832031,151.565185546875,163.1486358642578,404.8783874511719,464.8582458496094,227.22000122070312,52.56411361694336,38.28883743286133,36.578338623046875,94.56829071044922,68.70945739746094,136.27105712890625,86.56513977050781,92.03736114501953
2024-01-12,184.1806182861328,363.8062438964844,152.7314453125,161.9511260986328,405.0860900878906,465.18017578125,218.88999938964844,52.63262939453125,38.71967697143555,36.51036071777344,94.87427520751953,68.92723083496094,135.9324951171875,85.52288818359375,93.2313003540039
2024-01-16,181.9120330810547,361.628662109375,150.97265625,160.93563842773438,405.0465087890625,463.4724426269531,219.91000366210938,52.79902267456055,37.79711151123047,36.257904052734375,95.11116027832031,68.54850006103516,135.1199188232422,85.424560546875,91.12322998046875
2024-01-17,180.97091674804688,360.7189636230469,150.8879852294922,160.07342529296875,402.76171875,460.8961486816406,215.5500030517578,52.551063537597656,37.48334884643555,36.18993377685547,94.64232635498047,68.50116729736328,134.8490447998047,84.67729949951172,90.46096801757812
2024-01-18,186.86524963378906,362.7416687011719,151.62164306640625,160.3895721435547,408.4786071777344,464.99481201171875,211.8800048828125,53.259056091308594,37.42247009277344,36.248191833496094,96.5621109008789,68.41595458984375,134.8297119140625,85.15908813476562,90.29307556152344
2024-01-19,189.76785278320312,366.6179504394531,152.0636444091797,163.158203125,416.5791015625,470.7915344238281,212.19000244140625,52.97846603393555,37.54422378540039,36.83080291748047,98.78788757324219,68.21713256835938,134.90708923339844,85.98009490966797,90.43297576904297
2024-01-22,192.07603454589844,368.0414123535156,152.8066864013672,162.9666290283203,417.1231689453125,471.78692626953125,208.8000030517578,52.981727600097656,37.68471908569336,37.005592346191406,99.2221908569336,67.88574981689453,135.49717712402344,85.60155487060547,90.31170654296875
2024-01-23,193.35397338867188,367.0440979003906,150.30487060546875,161.89366149902344,418.8539733886719,473.162841796875,209.13999938964844,53.115501403808594,37.76432800292969,37.063846588134766,99.6219482421875,68.62425994873047,135.40045166015625,85.39506530761719,91.32844543457031
2024-01-24,192.68031311035156,366.12408447265625,149.50543212890625,163.34024047851562,421.1783447265625,473.68017578125,207.8300018310547,52.36509704589844,38.302886962890625,37.209503173828125,100.30793762207031,67.7815933227539,134.16221618652344,85.07059478759766,92.90483856201172
2024-01-25,192.35342407226562,368.43841552734375,150.06976318359375,165.67776489257812,421.69268798828125,476.25640869140625,182.6300048828125,53.1285514831543,39.164573669433594,37.39399337768555,100.72743225097656,68.43489074707031,133.95909118652344,84.01851654052734,95.26476287841797
2024-01-26,190.61976623535156,369.02911376953125,150.0133514404297,165.0454864501953,419.1803894042969,475.6513671875,183.25,53.59510803222656,39.454917907714844,37.52994155883789,99.5676498413086,68.76627349853516,134.72329711914062,84.40198516845703,96.0762939453125
2024-01-29,189.93624877929688,371.17889404296875,149.8816375732422,165.47657775878906,423.47296142578125,479.4182434082031,190.92999267578125,53.84632873535156,39.39872360229492,37.62704849243164,100.48066711425781,69.16393280029297,135.6713104248047,85.63597869873047,96.19754028320312
2024-01-30,186.28077697753906,372.32159423828125,149.3267364501953,168.86795043945312,420.65411376953125,479.0474548339844,191.58999633789062,54.0257682800293,39.806156158447266,38.10284423828125,99.65155029296875,69.5521240234375,135.98086547851562,85.58679962158203,97.80193328857422
2024-01-31,182.6748046875,369.3002624511719,149.44900512695312,167.0381622314453,412.4151306152344,471.230712890625,187.2899932861328,53.91483688354492,39.06154251098633,37.63675308227539,97.55902862548828,69.04084777832031,135.79705810546875,84.02835083007812,95.89906311035156
2024-02-01,185.11180114746094,372.9122009277344,148.94113159179688,166.43460083007812,417.271484375,477.3982238769531,188.86000061035156,54.91320037841797,39.056861877441406,37.69501495361328,98.78788757324219,70.45158386230469,137.55764770507812,85.64579772949219,95.5073013305664
2024-02-02,184.1112823486328,374.1904296875,147.2952423095703,167.3926239013672,424.3235778808594,482.4239501953125,187.91000366210938,55.32429885864258,39.11305236816406,37.850379943847656,99.80947875976562,70.22434997558594,137.3544921875,87.17475128173828,95.11552429199219
2024-02-05,185.9241485595703,371.4403076171875,146.53341674804688,167.17227172851562,423.7697448730469,480.6673889160156,181.05999755859375,55.02739334106445,39.014713287353516,37.62704849243164,100.0364990234375,69.788818359375,137.7801055908203,85.94568634033203,94.72376251220703
2024-02-06,187.52899169921875,372.8928527832031,148.65896606445312,167.74708557128906,422.9190979003906,482.0628662109375,185.10000610351562,55.40259552001953,39.14115524291992,37.7047233581543,99.57750701904297,69.94977569580078,139.27951049804688,86.466796875,95.37670135498047
2024-02-07,187.63796997070312,374.4325256347656,148.58372497558594,168.06320190429688,427.2710266113281,486.08349609375,187.5800018310547,55.262306213378906,39.22077178955078,37.98632049560547,100.89523315429688,69.88350677490234,139.65676879882812,87.43531036376953,95.34872436523438
2024-02-08,186.55816650390625,375.09100341796875,147.0977020263672,167.4596710205078,428.06231689453125,486.2981872558594,189.55999755859375,55.25904083251953,39.62351608276367,37.840667724609375,101.21106719970703,69.86457061767578,139.41494750976562,87.81877136230469,96.98109436035156
2024-02-09,187.32191467285156,374.48101806640625,147.436279296875,167.66085815429688,432.2757873535156,489.1087341308594,193.57000732421875,55.22968292236328,39.014713287353516,37.94747543334961,102.57318878173828,69.22073364257812,139.30856323242188,88.44312286376953,94.9289779663086
2024-02-12,185.6356658935547,375.8269348144531,148.4614715576172,168.40809631347656,430.58447265625,488.89398193359375,188.1300048828125,55.56246566772461,39.445556640625,38.12225341796875,101.7934341430664,69.71308135986328,139.49234008789062,88.369384765625,96.23487091064453
2024-02-13,183.54273986816406,370.70440673828125,147.16354370117188,166.9423370361328,423.8686218261719,482.1604309082031,184.02000427246094,55.183998107910156,39.04749298095703,37.60762023925781,100.06610107421875,68.96509552001953,138.19610595703125,86.609375,95.40637969970703
2024-02-14,182.65994262695312,372.1278991699219,146.4769744873047,168.63800048828125,428.4875793457031,486.5421447753906,188.7100067138672,55.00782012939453,39.01003646850586,37.96689224243164,101.11237335205078,68.83255004882812,139.39559936523438,87.52379608154297,94.93565368652344
2024-02-15,182.37229919433594,375.9625244140625,148.52731323242188,172.31674194335938,429.7635192871094,489.8991394042969,200.4499969482422,55.23294448852539,40.09650421142578,38.61748123168945,100.900146484375,69.27755737304688,140.4113311767578,88.53654479980469,97.65645599365234
2024-02-16,180.8348388671875,374.55816650390625,148.35670471191406,171.51202392578125,425.8665771484375,487.45947265625,199.9499969482422,55.58203887939453,40.073097229003906,38.48154067993164,99.97235107421875,69.3816909790039,140.86598205566406,88.01050567626953,97.65645599365234
2024-02-20,180.09091186523438,374.0732421875,149.59817504882812,172.18263244628906,422.6520690917969,484.7758483886719,193.75999450683594,57.376487731933594,39.70781326293945,38.37472915649414,98.9556884765625,70.1107406616211,140.3920135498047,87.1796646118164,96.73383331298828
2024-02-21,180.8447723388672,374.42230224609375,150.375244140625,173.30349731445312,420.9607238769531,485.2149963378906,194.77000427246094,56.671756744384766,40.45241928100586,38.491249084472656,98.33384704589844,70.36637878417969,140.70152282714844,87.82368469238281,98.71086883544922
2024-02-22,182.87818908691406,378.7770690917969,152.0526123046875,175.38238525390625,433.28460693359375,495.2566833496094,197.41000366210938,57.229671478271484,40.52266311645508,38.93791961669922,101.55159759521484,70.58413696289062,142.355712890625,89.52961730957031,98.62615203857422
2024-02-23,181.0431365966797,379.49481201171875,153.369873046875,176.2637481689453,432.0086975097656,495.5982971191406,191.97000122070312,57.27861404418945,40.255733489990234,39.13212585449219,101.31470489501953,70.8019027709961,143.03285217285156,89.12649536132812,97.76000213623047
2024-02-26,179.6941375732422,378.94195556640625,152.37481689453125,175.6602020263672,431.7812194824219,493.7831115722656,199.39999389648438,58.335693359375,40.39622497558594,38.93791961669922,101.41342163085938,70.51786804199219,142.29766845703125,89.40180206298828,98.14601135253906
2024-02-27,181.15223693847656,377.9236145019531,152.5548858642578,175.74644470214844,432.81976318359375,494.7004089355469,199.72999572753906,58.325904846191406,40.22294616699219,39.04472732543945,101.50226593017578,70.5273208618164,141.94943237304688,89.69676971435547,97.93888092041016
2024-02-28,179.95204162597656,377.8655090332031,153.0950469970703,176.63739013671875,430.51519775390625,494.0466613769531,202.0399932861328,58.35527038574219,40.143333435058594,39.19038772583008,101.0235366821289,70.60306549072266,141.24327087402344,90.05074310302734,98.21190643310547
2024-02-29,179.2874755859375,378.2049865722656,152.93394470214844,178.246826171875,434.2044372558594,495.8227233886719,201.8800048828125,57.366703033447266,40.340023040771484,39.17096710205078,102.14877319335938,70.48945617675781,140.0921173095703,90.66036987304688,98.40018463134766
2024-03-01,178.20628356933594,379.5240173339844,153.6352081298828,177.50917053222656,440.74224853515625,500.4775695800781,202.63999938964844,57.51351547241211,40.80833053588867,39.122413635253906,104.01427459716797,70.4989242553711,141.56248474121094,90.96024322509766,99.64290618896484
2024-03-04,173.6831817626953,378.47650146484375,151.4745330810547,178.8407745361328,439.1696472167969,499.94091796875,188.13999938964844,58.04206085205078,40.372802734375,39.219512939453125,104.01427459716797,70.55572509765625,141.34967041015625,89.73118591308594,98.24956512451172
2024-03-05,168.74346923828125,374.55816650390625,151.5977325439453,180.63226318359375,431.28668212890625,494.9444580078125,180.74000549316406,58.766357421875,40.67252731323242,39.22922134399414,101.45783233642578,70.72614288330078,140.2952423095703,88.61520385742188,99.45462036132812
2024-03-06,167.7515869140625,375.518310546875,151.0006866455078,181.57110595703125,433.99676513671875,497.4524230957031,176.5399932861328,59.285118103027344,40.79896926879883,39.43313980102539,102.26226806640625,71.32263946533203,141.25296020507812,88.30056762695312,100.51844787597656
2024-03-07,167.6325225830078,376.75006103515625,150.5552978515625,179.98080444335938,440.5840148925781,502.3903503417969,178.64999389648438,59.07957458496094,41.14551544189453,39.3748779296875,103.87608337402344,71.72976684570312,141.91073608398438,88.97408294677734,101.08332824707031
2024-03-08,169.34852600097656,376.303955078125,151.17129516601562,180.3161163330078,434.2242736816406,499.3749084472656,175.33999633789062,58.844669342041016,41.29069137573242,39.442848205566406,102.33136749267578,71.16169738769531,141.64955139160156,88.64469146728516,102.0341796875
2024-03-11,171.35218811035156,376.7210388183594,152.79177856445312,180.3831787109375,432.612060546875,498.945556640625,177.77000427246094,59.373207092285156,41.71684646606445,39.51082229614258,102.0500717163086,71.54987335205078,141.5721435546875,88.40380859375,102.63671875
2024-03-12,171.82830810546875,379.0196533203125,154.2227783203125,181.86807250976562,438.81353759765625,504.31280517578125,177.5399932861328,60.107295989990234,41.651283264160156,39.67589569091797,104.14259338378906,71.91911315917969,142.22994995117188,89.16581726074219,101.97769165039062
2024-03-13,169.7453155517578,379.4366760253906,152.6685791015625,183.3434295654297,435.4407653808594,503.5223693847656,169.47999572753906,59.98004913330078,42.3162841796875,39.96720504760742,103.0173568725586,72.09901428222656,141.6785888671875,88.97901153564453,103.11685180664062
2024-03-14,171.6001739501953,378.32135009765625,150.8775177001953,180.0766143798828,434.3428955078125,502.5270080566406,162.5,59.928985595703125,42.75181198120117,39.64676284790039,103.03709411621094,71.54039764404297,141.17556762695312,88.41363525390625,104.94324493408203
2024-03-15,171.2232208251953,376.24371337890625,149.90139770507812,182.30880737304688,429.1799621582031,499.07635498046875,163.57000732421875,59.59506607055664,42.87825012207031,39.6079216003418,101.48251342773438,71.51200103759766,140.61447143554688,87.53362274169922,104.75496673583984
2024-03-18,172.31434631347656,376.953369140625,148.55572509765625,184.56968688964844,433.27325439453125,502.0423889160156,173.8000030517578,59.771846771240234,43.026493072509766,39.83502197265625,101.9813003540039,71.97171783447266,140.59799194335938,88.20221710205078,105.72466278076172
2024-03-19,174.65524291992188,380.0352478027344,148.03453063964844,185.65220642089844,434.352783203125,504.8323059082031,171.32000732421875,59.78166580200195,43.51746368408203,40.02995681762695,102.51022338867188,72.23878479003906,141.5299530029297,88.96590423583984,106.4684066772461
2024-03-20,177.2242889404297,384.0116271972656,147.6080780029297,188.0855712890625,439.50274658203125,509.501708984375,175.66000366210938,60.15487289428711,43.45609664916992,40.50755310058594,103.65708923339844,72.4581527709961,141.20960998535156,90.2912368774414,106.374267578125
2024-03-21,169.9833526611328,386.6949462890625,147.5985870361328,190.70091247558594,441.5825500488281,511.1853332519531,172.82000732421875,60.351295471191406,43.71574020385742,40.83893966674805,103.73123168945312,72.49629211425781,141.39405822753906,90.81842041015625,106.84497833251953
2024-03-22,170.88601684570312,383.56439208984375,147.10580444335938,188.36338806152344,442.087646484375,510.2163391113281,170.8300018310547,59.78166580200195,43.6213264465332,40.371097564697266,103.7658462524414,72.14339447021484,141.1999053955078,90.02518463134766,106.84497833251953
2024-03-25,169.4675750732422,382.0283508300781,147.09632873535156,186.63897705078125,440.48321533203125,508.80670166015625,172.6300048828125,59.487030029296875,44.02732467651367,40.215145111083984,103.07872009277344,71.94310760498047,141.0057373046875,89.72956848144531,107.93705749511719
2024-03-26,168.33680725097656,381.93115234375,147.6175537109375,187.51075744628906,439.0570983886719,507.8669738769531,177.6699981689453,59.4281005859375,43.68741989135742,40.351600646972656,102.65359497070312,71.98124694824219,141.52027893066406,89.84288787841797,107.12742614746094
2024-03-27,171.90765380859375,386.5101013183594,149.6929473876953,191.14158630371094,440.5525207519531,512.1349487304688,179.8300018310547,59.63435363769531,44.09341812133789,40.829193115234375,103.1775894165039,72.7347412109375,143.40371704101562,90.88247680664062,108.23831939697266
2024-03-28,170.09246826171875,386.7047424316406,149.910888671875,191.8888397216797,439.74041748046875,512.0370483398438,175.7899932861328,59.094181060791016,44.57023239135742,41.05337142944336,102.95514678955078,72.83011627197266,143.42312622070312,90.60164642333984,109.4339599609375
2024-04-01,168.65419006347656,384.3421936035156,149.5223388671875,190.58596801757812,440.6714172363281,511.146240234375,175.22000122070312,58.92722702026367,44.90069580078125,40.829193115234375,103.24185180664062,72.2483139038086,142.1998748779297,89.9266586303711,110.14005279541016
2024-04-02,167.4738311767578,380.74505615234375,149.4749755859375,190.5093231201172,436.86834716796875,507.89630126953125,166.6300048828125,58.10224151611328,45.52858352661133,40.61476135253906,102.24823760986328,71.87635040283203,139.98634338378906,88.60131072998047,112.29597473144531
2024-04-03,168.2772674560547,380.38531494140625,146.18655395507812,189.97283935546875,437.84881591796875,508.45428466796875,168.3800048828125,58.36741256713867,45.84016036987305,40.595272064208984,102.5201187133789,71.08470916748047,139.8310089111328,88.66535186767578,112.31480407714844
2024-04-04,167.45401000976562,375.2908630371094,144.51869201660156,188.52745056152344,431.1537780761719,502.24798583984375,171.11000061035156,58.436161041259766,45.811832427978516,40.13717269897461,100.8987045288086,70.77949523925781,137.8116455078125,87.62577056884766,112.71021270751953
2024-04-05,168.2078399658203,378.0520324707031,144.41445922851562,190.26193237304688,436.2344970703125,507.49493408203125,164.89999389648438,58.7799072265625,46.30281066894531,40.517295837402344,102.05545043945312,70.89396667480469,139.04461669921875,88.11353302001953,114.26359558105469
2024-04-08,167.0869903564453,378.2852783203125,143.65631103515625,191.25442504882812,436.36322021484375,507.7787780761719,172.97999572753906,58.71115493774414,46.01011276245117,40.69273376464844,101.93681335449219,70.7890396118164,138.59803771972656,88.95111083984375,113.49161529541016
2024-04-09,168.29710388183594,378.0325012207031,144.31968688964844,189.97283935546875,437.9775695800781,508.3661193847656,176.8800048828125,58.720977783203125,46.02427291870117,40.45881652832031,102.45092010498047,71.13239288330078,139.09317016601562,89.3698959350586,114.084716796875
2024-04-10,166.42242431640625,373.8228759765625,142.33908081054688,188.35398864746094,434.1546630859375,503.2759094238281,171.75999450683594,59.536136627197266,46.1659049987793,39.85451889038086,101.1953125,70.8748779296875,137.46212768554688,87.99036407470703,115.04500579833984
2024-04-11,173.6236572265625,373.85211181640625,141.00283813476562,188.31544494628906,441.08740234375,507.073974609375,174.60000610351562,59.0156135559082,46.13285446166992,39.571861267089844,103.21712493896484,70.70320129394531,136.89907836914062,88.69984436035156,114.65901184082031
2024-04-12,175.12144470214844,369.3118591308594,139.79931640625,176.13560485839844,434.0556335449219,500.0748596191406,171.0500030517578,59.064720153808594,45.382225036621094,39.0455322265625,101.54627990722656,69.98786926269531,134.86026000976562,87.26116943359375,113.32215118408203
2024-04-15,171.29266357421875,366.8230895996094,139.86566162109375,176.23194885253906,426.9149475097656,493.809814453125,161.47999572753906,58.85847854614258,44.95734786987305,38.8505973815918,99.61837768554688,69.70175170898438,134.58843994140625,85.80772399902344,112.67255401611328
2024-04-16,168.0094451904297,367.4744567871094,136.88999938964844,174.2180633544922,426.9546203613281,492.90924072265625,157.11000061035156,58.770084381103516,44.565513610839844,38.58743667602539,99.73700714111328,69.73035430908203,134.63697814941406,85.31995391845703,111.74051666259766
2024-04-17,166.640625,366.9591064453125,137.19326782226562,173.52426147460938,421.74517822265625,489.9920654296875,155.4499969482422,58.5834846496582,44.438045501708984,38.684898376464844,98.29851531982422,69.98786926269531,134.4039764404297,84.90609741210938,111.68403625488281
2024-04-18,165.68838500976562,367.3382263183594,138.11248779296875,174.65167236328125,419.3385314941406,488.9837951660156,149.92999267578125,58.20044708251953,44.3011360168457,38.82136535644531,97.17636108398438,70.31214904785156,134.39425659179688,84.37889862060547,111.58047485351562
2024-04-19,163.66488647460938,369.4374694824219,140.16891479492188,179.03604125976562,410.6627197265625,484.7157897949219,147.0500030517578,58.46562576293945,44.83460235595703,39.3574333190918,95.17430114746094,70.99886322021484,134.89910888671875,83.6398696899414,112.86084747314453
2024-04-22,164.4980926513672,371.937255859375,141.31556701660156,182.51461791992188,414.79266357421875,489.1795959472656,142.0500030517578,59.064720153808594,45.127296447753906,39.83502197265625,96.02457427978516,71.67605590820312,135.41363525390625,84.0093765258789,113.50101470947266
2024-04-23,165.54954528808594,374.51495361328125,141.7325439453125,185.14523315429688,420.9825744628906,494.9845275878906,144.67999267578125,58.03348922729492,45.37751007080078,40.08843994140625,97.44825744628906,71.87635040283203,137.1805877685547,85.0095443725586,113.94349670410156
2024-04-24,167.6523895263672,373.9507751464844,140.75645446777344,186.05101013183594,422.40875244140625,494.7496032714844,162.1300048828125,58.79954147338867,45.41055679321289,40.07869338989258,97.89315032958984,72.41999816894531,136.75341796875,85.82250213623047,113.96234130859375
2024-04-25,168.51535034179688,370.52691650390625,139.13597106933594,186.33042907714844,420.3685302734375,492.8700866699219,170.17999267578125,59.13346481323242,45.61827850341797,39.84476852416992,97.68058776855469,72.2483139038086,135.8408203125,85.89640808105469,114.22593688964844
2024-04-26,167.9300994873047,371.87890625,138.49154663085938,186.4460906982422,426.8555603027344,497.5394592285156,168.2899932861328,59.08435821533203,45.19811248779297,39.786293029785156,98.782958984375,72.09571075439453,135.87966918945312,86.66992950439453,111.05326080322266
2024-04-29,172.09613037109375,373.3282775878906,139.13597106933594,186.2437286376953,428.58868408203125,499.3014831542969,194.0500030517578,59.162933349609375,45.504966735839844,39.72780227661133,99.20807647705078,72.32461547851562,136.3359375,88.68505859375,112.63489532470703
2024-04-30,168.9517822265625,367.8130187988281,137.0226593017578,184.75978088378906,420.5071716308594,491.39190673828125,183.27999877929688,58.288841247558594,44.150062561035156,39.33793640136719,97.02312469482422,72.00987243652344,136.23887634277344,86.52705383300781,111.34510040283203
2024-05-01,167.9300994873047,368.55224609375,143.26776123046875,184.8754119873047,417.4666748046875,489.7962951660156,179.99000549316406,57.79778289794922,43.446651458740234,39.33793640136719,96.02951049804688,71.55204772949219,136.48158264160156,85.98509216308594,109.23625946044922
2024-05-02,171.62991333007812,371.80108642578125,142.07371520996094,184.68270874023438,422.79498291015625,494.3775634765625,180.00999450683594,58.64240264892578,43.69685745239258,39.435401916503906,97.41365051269531,72.15294647216797,136.38449096679688,87.06901550292969,109.4339599609375
2024-05-03,181.8961944580078,376.2173156738281,141.45773315429688,183.57456970214844,431.2924499511719,500.5055847167969,181.19000244140625,58.75043869018555,43.70158004760742,39.52312469482422,100.1275405883789,72.37230682373047,136.72430419921875,87.65532684326172,109.20802307128906
2024-05-06,180.2397003173828,377.85137939453125,140.80384826660156,185.01031494140625,436.0166015625,505.6741638183594,184.75999450683594,58.79954147338867,44.04621505737305,40.02995681762695,101.30404663085938,72.41045379638672,137.27767944335938,88.59143829345703,109.91411590576172
2024-05-07,180.9241180419922,378.133544921875,140.93650817871094,184.76942443847656,436.0859375,506.23211669921875,177.80999755859375,59.536136627197266,44.003719329833984,40.16640853881836,100.97285461425781,73.20208740234375,138.41357421875,87.95587158203125,109.36808013916016
2024-05-08,181.26136779785156,379.8260498046875,141.15447998046875,188.52745056152344,435.82843017578125,506.2810974121094,174.72000122070312,59.221858978271484,43.95178985595703,40.312618255615234,101.25957489013672,72.98271942138672,137.9378662109375,87.62577056884766,109.3492431640625
2024-05-09,183.07655334472656,383.25,142.00738525390625,190.3101043701172,436.7792053222656,509.1982116699219,171.97000122070312,59.5648193359375,44.541908264160156,40.61476135253906,101.22991180419922,73.61221313476562,139.122314453125,88.221923828125,111.50515747070312
2024-05-10,181.81512451171875,384.3978271484375,142.0642547607422,191.5338592529297,437.8092346191406,509.8541564941406,168.47000122070312,59.6042366027832,44.29642105102539,40.770713806152344,101.60560607910156,74.03187561035156,139.40383911132812,87.74893951416016,111.05326080322266
2024-05-13,185.02333068847656,383.6974182128906,143.30569458007812,191.4953155517578,438.8193359375,509.9226379394531,171.88999938964844,59.53525161743164,44.17839431762695,40.60501480102539,102.08509826660156,73.8220443725586,139.26791381835938,87.63561248779297,111.00619506835938
2024-05-14,186.1655731201172,384.78680419921875,143.45729064941406,194.1741180419922,441.6419677734375,512.26220703125,177.5500030517578,58.99321746826172,44.23504638671875,40.80970001220703,102.98973846435547,73.6789779663086,139.86013793945312,88.03468322753906,111.68004608154297
2024-05-15,188.4401397705078,388.38592529296875,144.67977905273438,194.75225830078125,448.54498291015625,518.6055297851562,173.99000549316406,58.963661193847656,44.33418273925781,41.11185073852539,105.30816650390625,73.72665405273438,141.93772888183594,88.16773223876953,112.54373168945312
2024-05-16,188.55931091308594,388.3177490234375,146.2055206298828,195.0991668701172,447.6338195800781,517.5385131835938,174.83999633789062,63.083126068115234,44.21144104003906,41.11185073852539,104.94234466552734,74.77581787109375,141.77268981933594,87.59620666503906,111.869873046875
2024-05-17,188.589111328125,389.6174011230469,146.54669189453125,197.334716796875,447.4158935546875,518.2825317382812,177.4600067138672,63.713863372802734,44.82988357543945,41.41400146484375,104.71002960205078,74.59459686279297,142.04452514648438,88.0445556640625,113.54975891113281
2024-05-20,189.75120544433594,387.815185546875,144.5118408203125,188.45997619628906,450.53564453125,518.8795776367188,174.9499969482422,63.25066375732422,44.53718566894531,40.84868621826172,105.94091033935547,74.07955169677734,141.74356079101562,87.3892593383789,112.62913513183594
2024-05-21,191.05238342285156,388.47747802734375,144.48318481445312,192.2565460205078,451.41705322265625,520.1522216796875,186.60000610351562,64.20661926269531,44.32002258300781,41.11185073852539,106.11393737792969,74.5182876586914,141.9862823486328,87.95093536376953,111.85087585449219
2024-05-22,189.61215209960938,386.412353515625,146.64222717285156,191.09060668945312,451.32794189453125,518.6546020507812,180.11000061035156,64.30516815185547,43.470252990722656,40.87792205810547,106.3512191772461,74.22261810302734,142.23870849609375,87.03453063964844,109.60153198242188
2024-05-23,185.61929321289062,380.5674133300781,143.01197814941406,189.751220703125,449.2976379394531,514.8662109375,173.74000549316406,63.90109634399414,43.073692321777344,40.312618255615234,105.48612976074219,73.34515380859375,140.6853485107422,85.62541198730469,107.73180389404297
2024-05-24,188.6983642578125,380.54791259765625,140.40396118164062,193.4032440185547,453.54638671875,518.272705078125,179.24000549316406,64.43329620361328,43.135074615478516,40.5562858581543,106.37593841552734,73.53589630126953,140.20962524414062,86.48763275146484,107.64639282226562
2024-05-28,188.7082977294922,378.56060791015625,137.9296875,192.2373046875,455.2597351074219,518.635009765625,176.75,64.09821319580078,43.578834533691406,40.107933044433594,106.82579040527344,72.9636459350586,138.5106658935547,86.2757797241211,109.01309204101562
2024-05-29,189.00628662109375,374.6445007324219,137.98699951171875,190.89788818359375,452.0509033203125,515.0031127929688,176.19000244140625,63.97994613647461,42.809326171875,39.786293029785156,106.14854431152344,72.4390640258789,137.43301391601562,85.70919036865234,107.845703125
2024-05-30,189.99952697753906,371.62451171875,138.78945922851562,192.073486328125,447.2079162597656,511.5867614746094,178.7899932861328,63.95038604736328,42.93206787109375,40.00071716308594,103.7262954711914,72.62982177734375,137.50100708007812,86.21665954589844,108.18737030029297
2024-05-31,190.9530487060547,377.5182189941406,140.11734008789062,195.2533416748047,446.3760070800781,516.2464599609375,178.0800018310547,64.80778503417969,43.99899673461914,40.58552169799805,103.8894271850586,73.76481628417969,139.51060485839844,86.69950103759766,111.29092407226562
2024-06-03,192.72105407714844,376.26153564453125,141.13955688476562,194.47283935546875,448.772705078125,516.667236328125,176.2899932861328,64.86690521240234,42.84709167480469,40.33210754394531,104.15142822265625,73.7362060546875,140.49119567871094,86.66007232666016,108.62395477294922
2024-06-04,193.0388946533203,377.4988098144531,141.19688415527344,191.90965270996094,450.0008239746094,517.2448120117188,174.77000427246094,65.6356201171875,42.436370849609375,40.14691925048828,104.36894226074219,74.37523651123047,140.89895629882812,86.74877166748047,106.9345703125
2024-06-05,194.54861450195312,378.4924011230469,139.44863891601562,190.07884216308594,459.07275390625,523.392333984375,175.0,66.11852264404297,42.431644439697266,40.263877868652344,106.68737030029297,74.21308135986328,141.53968811035156,87.2562484741211,107.3616714477539
2024-06-06,193.1680145263672,379.27166748046875,139.87850952148438,189.74159240722656,458.9143371582031,523.3826293945312,177.94000244140625,66.17765808105469,42.653533935546875,40.244388580322266,106.3314437866211,74.4419937133789,142.00572204589844,87.8918228149414,108.16839599609375
2024-06-07,195.56175231933594,378.4533996582031,140.509033203125,192.67091369628906,458.50823974609375,522.746337890625,177.47999572753906,64.9260482788086,42.48357391357422,40.429569244384766,106.57861328125,74.07002258300781,142.16102600097656,87.53215789794922,107.01050567626953
2024-06-10,191.81719970703125,379.2327880859375,140.55679321289062,192.34327697753906,460.3601989746094,524.3615112304688,173.7899932861328,65.99040985107422,42.804603576660156,40.27362823486328,106.85049438476562,74.0127944946289,142.68528747558594,87.81298065185547,107.32369995117188
2024-06-11,205.75253295898438,377.94683837890625,140.20333862304688,187.28439331054688,463.5195617675781,525.6243286132812,170.66000366210938,65.76374053955078,42.719627380371094,39.815528869628906,108.83772277832031,73.97464752197266,142.09310913085938,87.5814208984375,106.46001434326172
2024-06-12,211.6326141357422,377.6741027832031,138.91363525390625,184.5574493408203,469.590576171875,529.9412841796875,177.2899932861328,65.34981536865234,42.26169967651367,39.77654266357422,111.2451400756836,73.16392517089844,141.7921142578125,88.49290466308594,105.28314971923828
2024-06-13,212.79470825195312,376.8850402832031,138.95184326171875,186.60987854003906,472.1358947753906,531.00830078125,182.47000122070312,65.73417663574219,41.87458419799805,39.74729919433594,112.12504577636719,73.2593002319336,141.6755828857422,88.56188201904297,104.4384536743164
2024-06-14,211.0565185546875,376.4758605957031,139.037841796875,186.72552490234375,474.5821838378906,531.3314208984375,178.00999450683594,66.0495376586914,41.56300735473633,39.62059783935547,112.54523468017578,73.39283752441406,141.6270751953125,87.86225891113281,103.5557861328125
2024-06-17,215.20834350585938,378.5411071777344,139.4295196533203,187.88186645507812,480.3957214355469,535.5601806640625,187.44000244140625,66.4437484741211,41.67158508300781,39.97147750854492,114.25068664550781,74.0890884399414,141.4814453125,89.40438842773438,102.8439712524414
2024-06-18,212.84437561035156,379.086669921875,139.14291381835938,189.82830810546875,480.54425048828125,536.9208984375,184.86000061035156,66.62113189697266,41.846256256103516,40.224891662597656,114.39405059814453,74.18447875976562,141.66590881347656,89.1038589477539,103.81204223632812
2024-06-20,208.26547241210938,381.94097900390625,141.17776489257812,191.4375,476.84027099609375,535.4622802734375,181.57000732421875,67.02520751953125,42.61576843261719,40.43932342529297,113.10877990722656,74.0223388671875,142.13189697265625,89.21717071533203,106.0519027709961
2024-06-21,206.09027099609375,382.08154296875,142.10443115234375,189.15377807617188,475.5625915527344,534.7444458007812,183.00999450683594,66.9266586303711,42.37028503417969,40.28337478637695,112.9110336303711,74.07955169677734,142.52996826171875,89.97098541259766,105.12179565429688
2024-06-24,206.73587036132812,384.65911865234375,142.4578857421875,191.63987731933594,470.1485290527344,533.0061645507812,182.5800018310547,67.90231323242188,43.43864059448242,40.697296142578125,110.14286804199219,74.8694839477539,143.361328125,89.58685302734375,108.24431610107422
2024-06-25,207.6595916748047,381.7691345214844,140.61415100097656,190.85935974121094,475.52496337890625,535.0587768554688,187.35000610351562,66.4437484741211,43.538570404052734,40.39394760131836,112.16328430175781,74.38899993896484,142.9130096435547,89.2264175415039,108.54802703857422
2024-06-26,211.81138610839844,381.9838562011719,140.2606658935547,190.24266052246094,476.5069580078125,535.7265014648438,196.3699951171875,67.3011474609375,43.11027908325195,40.13953399658203,112.03453826904297,74.23523712158203,142.40618896484375,90.5200424194336,108.58600616455078
2024-06-27,212.65565490722656,382.2962951660156,139.28622436523438,191.91929626464844,477.73699951171875,536.571044921875,197.4199981689453,66.89708709716797,43.2102165222168,40.09060287475586,112.0890121459961,73.91812133789062,142.1722412109375,91.07303619384766,109.0510482788086
2024-06-28,209.19912719726562,381.87652587890625,139.63014221191406,194.89678955078125,475.2571105957031,534.4595947265625,197.8800048828125,66.72954559326172,43.376773834228516,40.22760009765625,112.02957916259766,73.59138488769531,142.05531311035156,90.06084442138672,109.25985717773438
2024-07-01,215.28778076171875,382.1986389160156,139.89764404296875,197.9706573486328,478.0445251464844,535.5596313476562,209.86000061035156,66.50288391113281,43.40056610107422,40.315670013427734,112.87638092041016,73.07246398925781,141.25608825683594,90.36698150634766,109.10800170898438
2024-07-02,218.78404235839844,383.9854431152344,139.50595092773438,201.22764587402344,483.0638122558594,539.163818359375,231.25999450683594,67.08433532714844,43.367252349853516,40.78536605834961,113.44091796875,73.5817642211914,140.73953247070312,92.12474822998047,108.36770629882812
2024-07-03,220.05540466308594,383.5362854003906,139.18113708496094,201.0927276611328,487.0912170410156,541.56982421875,246.38999938964844,67.25187683105469,43.557613372802734,40.65815353393555,114.97107696533203,73.45684814453125,139.66741943359375,92.7123031616211,108.91818237304688
2024-07-05,224.81309509277344,384.38568115234375,139.93585205078125,198.42816162109375,492.1700134277344,544.6928100585938,251.52000427246094,69.02581787109375,42.87709426879883,40.64836883544922,115.32268524169922,74.36016082763672,140.74928283691406,93.46775817871094,107.59894561767578
2024-07-08,226.28311157226562,384.1513671875,138.9805145263672,198.7963409423828,493.34051513671875,545.3212890625,252.94000244140625,68.67102813720703,42.615360260009766,40.540733337402344,116.11005401611328,74.24485778808594,140.5933380126953,93.51220703125,106.46952056884766
2024-07-09,227.13731384277344,383.6436462402344,140.4803924560547,201.17996215820312,493.7670593261719,545.8516235351562,262.3299865722656,68.88784790039062,42.23941421508789,40.85385513305664,116.0159683227539,74.05265808105469,141.2755889892578,93.8232650756836,105.29264068603516
2024-07-10,231.40829467773438,387.8614501953125,142.75405883789062,201.3446502685547,498.9153137207031,551.2529907226562,263.260009765625,69.39045715332031,42.52494430541992,41.01042556762695,117.69964599609375,74.37939453125,142.61085510253906,94.52933502197266,106.22274017333984
2024-07-11,226.03480529785156,388.2227478027344,143.01197814941406,201.00552368164062,487.9739990234375,546.499755859375,241.02999877929688,68.7892837524414,42.9675178527832,41.333343505859375,114.75318908691406,74.10070037841797,143.61474609375,93.32950592041016,107.48503875732422
2024-07-12,228.9847412109375,390.84918212890625,143.1839599609375,198.57350158691406,490.8407897949219,549.94677734375,248.22999572753906,68.23738861083984,43.07696533203125,41.470340728759766,115.77826690673828,74.42743682861328,144.51141357421875,94.54908752441406,107.5040283203125
2024-07-15,232.81871032714844,392.8408203125,142.57254028320312,203.5247802734375,492.16009521484375,551.4591674804688,252.63999938964844,68.60204315185547,43.72892761230469,42.077030181884766,115.98623657226562,73.9949951171875,144.00462341308594,94.44046783447266,109.34526824951172
2024-07-16,233.2358856201172,399.9681091308594,144.26345825195312,206.98385620117188,492.34857177734375,554.7294311523438,256.55999755859375,68.9765396118164,43.92403793334961,42.556514739990234,115.59999084472656,74.70611572265625,146.06112670898438,96.13404083251953,110.13302612304688
2024-07-17,227.33596801757812,402.1843566894531,149.58462524414062,210.13287353515625,477.89569091796875,546.9514770507812,248.5,70.00147247314453,44.361854553222656,42.879432678222656,111.10356140136719,75.6670913696289,146.723876953125,94.52933502197266,111.65158081054688
2024-07-18,222.6676483154297,397.09771728515625,148.47645568847656,203.45692443847656,475.634033203125,542.7481689453125,249.22999572753906,69.79452514648438,44.442752838134766,42.360809326171875,111.11346435546875,75.29231262207031,143.3905792236328,93.56651306152344,112.7525405883789
2024-07-19,222.79678344726562,393.6046142578125,147.779052734375,203.26315307617188,471.418212890625,539.1441040039062,239.1999969482422,69.72553253173828,43.95735168457031,41.93024444580078,109.37530517578125,75.0424575805664,144.12156677246094,92.73206329345703,110.16148376464844
2024-07-22,222.44915771484375,394.77679443359375,147.34913635253906,203.74761962890625,478.4413146972656,544.7025756835938,251.50999450683594,69.36088562011719,43.681339263916016,42.16510009765625,111.96520233154297,75.09049987792969,144.9500274658203,93.754150390625,109.40221405029297
2024-07-23,223.49205017089844,394.1321716308594,145.54359436035156,203.79605102539062,476.7549743652344,543.8482055664062,246.3800048828125,69.62699127197266,42.98655319213867,42.243377685546875,111.51952362060547,74.8214340209961,144.86228942871094,93.33444213867188,107.63690185546875
2024-07-24,217.06570434570312,389.4239196777344,149.2980194091797,202.110107421875,459.6535949707031,531.5232543945312,215.99000549316406,69.57769775390625,42.99130630493164,41.66604232788086,106.90423583984375,74.75416564941406,146.07086181640625,89.51773834228516,109.15545654296875
2024-07-25,216.0227813720703,390.224853515625,152.50791931152344,202.18763732910156,454.5846862792969,528.7538452148438,220.25,69.006103515625,43.73369216918945,41.82261276245117,105.76033020019531,74.66767120361328,145.33985900878906,89.16716003417969,111.45226287841797
2024-07-26,216.4896240234375,396.5545959472656,153.46324157714844,205.646728515625,459.2469482421875,534.6756591796875,219.8000030517578,68.76957702636719,43.8716926574707,42.47822952270508,107.10232543945312,75.42684936523438,146.1586151123047,90.16454315185547,111.35733795166016
2024-07-29,216.7677459716797,396.10528564453125,151.47613525390625,204.29991149902344,460.1694641113281,534.9899291992188,232.10000610351562,68.61190032958984,43.49574661254883,42.41951370239258,106.62693786621094,75.4556655883789,146.24630737304688,91.67050170898438,110.1899642944336
2024-07-30,217.32394409179688,397.961181640625,154.12240600585938,208.50509643554688,453.85064697265625,532.2794799804688,222.6199951171875,68.18811798095703,44.1714973449707,42.90878677368164,103.94789123535156,74.94635009765625,146.37298583984375,91.16193389892578,112.15458679199219
2024-07-31,220.58181762695312,399.01611328125,150.79786682128906,206.18931579589844,467.28179931640625,540.9314575195312,232.07000732421875,67.64608764648438,44.35708999633789,42.8011474609375,108.3502197265625,74.81182098388672,145.8369598388672,92.57408142089844,112.55320739746094
2024-08-01,216.88693237304688,393.87823486328125,153.57785034179688,201.4996795654297,455.9635314941406,533.2713623046875,216.86000061035156,68.77942657470703,43.18165969848633,42.19445037841797,104.30938720703125,75.50372314453125,147.32815551757812,90.30279541015625,110.99668884277344
2024-08-02,218.3767852783203,387.919677734375,156.80685424804688,192.9536590576172,445.1412658691406,523.3426513671875,207.6699981689453,67.46869659423828,42.068092346191406,41.15720748901367,101.3777847290039,76.16680145263672,147.03578186035156,86.97982788085938,110.93026733398438
2024-08-05,207.85824584960938,377.8388977050781,154.04598999023438,188.8454132080078,431.868896484375,508.1010437011719,198.8800048828125,66.61128997802734,41.1401252746582,39.9633903503418,98.0005111694336,74.66767120361328,143.10792541503906,84.52091979980469,108.92766571044922
2024-08-06,205.8319854736328,380.9159240722656,151.86782836914062,194.11639404296875,435.9953918457031,512.7854614257812,200.63999938964844,66.75911712646484,41.39234161376953,40.609230041503906,99.33259582519531,75.18660736083984,143.7707061767578,85.4541244506836,108.3487319946289
2024-08-07,208.404541015625,378.7766418457031,151.8009490966797,194.17453002929688,431.2736511230469,509.3580322265625,191.75999450683594,65.9411392211914,41.558902740478516,40.65815353393555,97.72318267822266,75.26348876953125,142.3087158203125,83.96298217773438,109.79135131835938
2024-08-08,211.87100219726562,385.37017822265625,153.06198120117188,197.72084045410156,444.46673583984375,521.1329345703125,198.83999633789062,66.6802749633789,42.45355224609375,41.31377410888672,101.37284088134766,75.9457778930664,145.45684814453125,85.79480743408203,111.88883972167969
2024-08-09,214.78123474121094,385.985595703125,153.44410705566406,199.4067840576172,446.7879333496094,523.4309692382812,200.0,66.966064453125,42.54874038696289,41.48991012573242,101.82842254638672,76.06108856201172,146.17808532714844,86.08119201660156,112.79998016357422
2024-08-12,216.31260681152344,384.6374816894531,152.73716735839844,199.78468322753906,447.7501220703125,523.7060546875,197.49000549316406,67.70521545410156,42.758121490478516,41.274635314941406,102.66035461425781,75.67669677734375,145.62254333496094,85.74049377441406,112.94234466552734
2024-08-13,220.03167724609375,388.5643310546875,151.31375122070312,201.4803009033203,458.8599853515625,532.3186645507812,207.8300018310547,67.14346313476562,42.3441047668457,41.61711883544922,105.8147964477539,76.02265167236328,147.38665771484375,87.88834381103516,111.86038970947266
2024-08-14,220.47915649414062,390.8109130859375,151.3997039794922,203.7088623046875,459.0088806152344,533.9981079101562,201.3800048828125,67.6657943725586,42.59156799316406,42.12596130371094,106.3941879272461,76.36859893798828,147.91294860839844,87.41927337646484,112.8948974609375
2024-08-15,223.46237182617188,396.4666442871094,151.98248291015625,204.9781494140625,470.6048278808594,543.1509399414062,214.13999938964844,72.12034606933594,43.10076141357422,42.51736831665039,109.45452880859375,77.1565933227539,148.83889770507812,90.20896911621094,113.59330749511719
2024-08-16,224.78492736816406,397.6270751953125,152.26907348632812,207.32298278808594,471.2099304199219,544.3687133789062,216.1199951171875,72.59276580810547,43.05317687988281,42.83049774169922,109.63774871826172,77.36802673339844,148.9948272705078,90.42130279541016,113.05753326416016
2024-08-19,224.6258087158203,399.9439392089844,152.49838256835938,208.75698852539062,477.3996887207031,549.5736694335938,222.72000122070312,72.859619140625,43.34346389770508,43.065345764160156,111.44525146484375,77.62747955322266,149.9012451171875,91.53223419189453,113.40194702148438
2024-08-20,225.24234008789062,399.40625,153.0046844482422,207.85589599609375,476.3978576660156,548.679931640625,221.10000610351562,73.6700439453125,42.20133972167969,42.9283561706543,111.05403137207031,78.0118637084961,150.50552368164062,91.44831085205078,109.62284851074219
2024-08-21,225.13296508789062,399.8266906738281,154.21792602539062,207.93341064453125,478.6198425292969,550.5654907226562,223.27000427246094,74.36187744140625,42.272727966308594,42.85985565185547,111.70771026611328,78.5404052734375,150.75894165039062,92.60369873046875,108.9244384765625
2024-08-22,223.27342224121094,398.35052490234375,155.0968475341797,209.90032958984375,471.0313720703125,546.2444458007812,210.66000366210938,74.69790649414062,42.382179260253906,43.104488372802734,109.1375961303711,78.42509460449219,150.8563995361328,91.0039291381836,109.76636505126953
2024-08-23,225.57049560546875,402.6030578613281,156.7973175048828,211.52816772460938,476.13995361328125,552.0484008789062,220.32000732421875,74.8165054321289,43.01510238647461,43.47633361816406,110.90547943115234,78.64611053466797,151.5093994140625,92.7616958618164,111.28756713867188
2024-08-26,225.90859985351562,403.4731750488281,157.25587463378906,212.3614501953125,471.5174560546875,550.7324829101562,213.2100067138672,75.14265441894531,43.40056610107422,43.61332702636719,109.51394653320312,79.20347595214844,151.4314422607422,92.04081726074219,113.66983795166016
2024-08-27,226.75384521484375,403.6393127441406,156.85159301757812,213.34005737304688,472.926025390625,551.4887084960938,209.2100067138672,75.24149322509766,42.99606704711914,43.8383903503418,110.17753601074219,79.39567565917969,151.6653594970703,91.79887390136719,112.58873748779297
2024-08-28,225.22247314453125,402.1239929199219,157.7852783203125,214.41558837890625,467.55950927734375,548.287109375,205.75,75.19207000732422,42.72005081176758,43.94602966308594,108.65725708007812,79.05931854248047,151.84078979492188,90.91011810302734,111.47891235351562
2024-08-29,228.50399780273438,404.63641357421875,158.08367919921875,215.3070068359375,466.87506103515625,548.336181640625,206.27999877929688,75.52810668945312,43.27683639526367,44.33745193481445,107.6767578125,78.66532897949219,152.1624298095703,91.01873016357422,113.01925659179688
2024-08-30,227.71841430664062,406.8848876953125,159.65269470214844,217.81655883789062,472.4399719238281,553.5706176757812,214.11000061035156,76.32865142822266,43.43864059448242,44.758216857910156,109.10789489746094,79.28996276855469,153.21507263183594,92.39137268066406,112.83749389648438
2024-09-03,221.52330017089844,401.0583801269531,160.90403747558594,213.4563446044922,458.09625244140625,542.1786499023438,210.60000610351562,76.26934814453125,42.35838317871094,44.425514221191406,104.09645080566406,79.84732818603516,152.92266845703125,91.12242889404297,110.47434997558594
2024-09-04,219.61402893066406,401.224609375,161.09654235839844,212.5164794921875,456.9058532714844,541.0689697265625,219.41000366210938,76.3385238647461,41.77305221557617,44.47444534301758,103.82903289794922,80.22211456298828,152.65948486328125,91.35942077636719,109.1253433227539
2024-09-05,221.13546752929688,399.3085021972656,158.8152313232422,210.86927795410156,457.33245849609375,539.7529296875,230.1699981689453,76.06179809570312,41.4494514465332,43.98517608642578,103.67057800292969,79.91458892822266,150.56399536132812,92.39631652832031,108.27384948730469
2024-09-06,219.58419799804688,395.4079895019531,158.2280731201172,205.85989379882812,445.0817565917969,530.6688232421875,210.72999572753906,75.74553680419922,40.93073272705078,43.33934020996094,100.98162841796875,79.751220703125,150.0474395751953,90.06084442138672,107.76677703857422
2024-09-09,219.67369079589844,399.8852844238281,160.37460327148438,210.0747528076172,450.80535888671875,536.6103515625,216.27000427246094,76.43737030029297,41.22578048706055,43.98517608642578,102.63558959960938,80.36625671386719,151.10006713867188,91.37422943115234,110.03424835205078
2024-09-10,218.878173828125,399.1130065917969,161.11581420898438,199.1742401123047,454.97161865234375,538.9476928710938,226.1699981689453,77.89021301269531,40.5167121887207,43.53505325317383,104.17072296142578,80.34703063964844,151.7920684814453,92.4209976196289,106.02552032470703
2024-09-11,221.41390991210938,400.1003723144531,158.651611328125,200.7923583984375,464.8514709472656,544.4766235351562,228.1300048828125,77.91986083984375,40.14076614379883,43.32955551147461,107.72626495361328,79.59747314453125,151.34371948242188,93.34432220458984,104.97310638427734
2024-09-12,221.52330017089844,402.7398681640625,158.4783477783203,200.18194580078125,469.41448974609375,549.0630493164062,229.80999755859375,78.73028564453125,40.50243377685547,43.42741394042969,108.61764526367188,80.08756256103516,151.88954162597656,94.39601135253906,106.41779327392578
2024-09-13,221.25479125976562,405.64337158203125,159.32542419433594,197.97276306152344,471.5174560546875,551.9306030273438,230.2899932861328,79.65931701660156,40.73086166381836,43.55461883544922,109.1623764038086,80.65454864501953,152.20144653320312,95.03789520263672,106.34123992919922
2024-09-16,215.10939025878906,408.0287170410156,160.74038696289062,201.4027862548828,469.434326171875,552.7457275390625,226.77999877929688,79.61978149414062,41.197227478027344,44.122169494628906,108.74639892578125,80.97166442871094,153.25405883789062,94.87495422363281,107.83375549316406
2024-09-17,215.57672119140625,407.9114074707031,160.81739807128906,202.74960327148438,469.6822814941406,552.9715576171875,227.8699951171875,77.68265533447266,41.7540168762207,44.35702133178711,108.533447265625,80.20288848876953,151.6750946044922,95.35884857177734,109.24015808105469
2024-09-18,219.45494079589844,406.8653259277344,159.93182373046875,201.08303833007812,467.6488037109375,551.33154296875,227.1999969482422,78.10763549804688,41.83491516113281,44.22002029418945,107.54305267333984,79.89537811279297,151.42169189453125,95.17120361328125,109.62284851074219
2024-09-19,227.58914184570312,411.9683837890625,158.651611328125,203.94139099121094,479.4729309082031,560.7396850585938,243.9199981689453,77.12918853759766,42.334590911865234,44.709293365478516,110.73710632324219,79.42449951171875,151.96751403808594,97.33880615234375,110.98140716552734
2024-09-20,226.9228973388672,412.3684387207031,158.0163116455078,204.53244018554688,478.560302734375,559.7704467773438,238.25,78.13729095458984,42.23941421508789,44.679935455322266,110.19734191894531,79.80889129638672,151.34371948242188,97.11661529541016,110.28299713134766
2024-09-23,225.2025909423828,412.89794921875,157.11148071289062,204.87158203125,479.828857421875,561.169189453125,250.0,79.39246368408203,42.7609748840332,44.62591552734375,110.17699432373047,80.27164459228516,151.04730224609375,98.29663848876953,112.2825698852539
2024-09-24,226.0975341796875,413.8979797363281,156.6879425048828,205.0169219970703,482.1433410644531,562.77490234375,254.27000427246094,79.72850036621094,42.65541076660156,44.25272750854492,110.9310531616211,80.07842254638672,150.74403381347656,99.15755462646484,111.98599243164062
2024-09-25,225.10311889648438,410.94671630859375,154.5895233154297,203.660400390625,482.59033203125,561.53369140625,257.0199890136719,80.44998168945312,41.82053756713867,43.98756408691406,111.2485580444336,79.87554168701172,149.276611328125,98.80132293701172,109.80463409423828
2024-09-26,226.24668884277344,413.3979187011719,155.34996032714844,203.26315307617188,486.2160949707031,563.760009765625,254.22000122070312,78.98725891113281,41.00004959106445,44.213443756103516,112.7219467163086,80.0591049194336,149.77554321289062,99.22187042236328,107.91986083984375
2024-09-27,226.51516723632812,414.7020263671875,155.35958862304688,203.9607696533203,483.51416015625,562.9422607421875,260.4599914550781,78.84888458251953,41.83493423461914,44.34111404418945,111.67023468017578,80.20401000976562,149.69728088378906,99.37030029296875,110.80919647216797
2024-09-30,231.69602966308594,414.86871337890625,155.99490356445312,204.30958557128906,484.825439453125,565.1981201171875,261.6300048828125,79.80757141113281,42.127620697021484,44.50806427001953,111.99765014648438,80.1846923828125,150.67556762695312,99.13776397705078,112.14864349365234
2024-10-01,224.94403076171875,413.2803039550781,155.92752075195312,200.6082305908203,478.0705871582031,560.1348876953125,258.0199890136719,80.32149505615234,43.087242126464844,44.27236557006836,109.26915740966797,79.91419219970703,149.88314819335938,98.73699188232422,114.74139404296875
2024-10-02,225.51083374023438,413.6823425292969,155.13819885253906,200.85049438476562,478.74609375,560.3712158203125,249.02000427246094,79.4913101196289,43.52867126464844,44.32147216796875,110.0777816772461,79.23793029785156,149.57986450195312,97.90082550048828,116.2625961303711
2024-10-03,224.40704345703125,411.78997802734375,154.4932861328125,198.8544921875,478.38848876953125,559.3468017578125,240.66000366210938,79.4913101196289,44.2963752746582,44.08576965332031,110.53418731689453,78.44574737548828,148.2298583984375,96.7677993774414,117.27674865722656
2024-10-04,225.5307159423828,415.15313720703125,154.29112243652344,205.91256713867188,484.08038330078125,564.4298095703125,250.0800018310547,79.99535369873047,44.709014892578125,44.832157135009766,111.76448059082031,78.70659637451172,148.34722900390625,98.04926300048828,119.42939758300781
2024-10-07,220.4493408203125,411.42718505859375,153.55958557128906,205.62985229492188,478.89508056640625,559.3270874023438,240.8300018310547,78.17681884765625,44.86735534667969,44.282188415527344,110.99555206298828,77.924072265625,147.69178771972656,96.52535247802734,119.94603729248047
2024-10-08,224.50650024414062,412.593994140625,153.71359252929688,205.4543914794922,486.0472412109375,564.616943359375,244.5,78.77970123291016,43.69660949707031,44.537532806396484,113.06920623779297,78.31050109863281,148.4939727783203,97.4654312133789,116.7601089477539
2024-10-09,228.25538635253906,416.760986328125,154.63766479492188,208.05726623535156,489.87164306640625,568.5277709960938,241.0500030517578,79.4616470336914,43.960506439208984,44.95001220703125,114.33423614501953,78.78387451171875,150.01031494140625,98.16304779052734,116.80793762207031
2024-10-10,227.7581787109375,416.378662109375,154.50291442871094,207.4918670654297,489.3153381347656,567.5328369140625,238.77000427246094,78.68087005615234,44.25798797607422,44.81251525878906,114.30448150634766,78.43608856201172,149.45269775390625,97.67817687988281,117.81251525878906
2024-10-11,226.27655029296875,420.3693542480469,155.4173583984375,216.7043914794922,490.08026123046875,570.9312744140625,217.8000030517578,79.1651382446289,44.5314826965332,45.6767463684082,114.50291442871094,78.8708267211914,150.5483856201172,97.2625732421875,118.26217651367188
2024-10-14,230.0055694580078,422.4872131347656,155.55210876464844,215.9147491455078,494.1927185058594,575.6006469726562,219.16000366210938,79.35294342041016,44.51228713989258,45.9615592956543,115.99614715576172,79.18962860107422,151.3799285888672,97.6880874633789,118.71185302734375
2024-10-15,232.54127502441406,419.20257568359375,157.95855712890625,216.80189514160156,487.5869140625,571.1283569335938,219.57000732421875,80.69706726074219,43.07764434814453,46.05976867675781,113.44624328613281,79.6919937133789,149.53099060058594,97.90082550048828,115.14321899414062
2024-10-16,230.48284912109375,422.3205261230469,158.1317901611328,218.02049255371094,487.6465148925781,573.6107177734375,221.3300018310547,80.27207946777344,43.28396987915039,46.629371643066406,113.79847717285156,79.63402557373047,149.95162963867188,98.41539001464844,115.43980407714844
2024-10-17,230.8507843017578,424.0167236328125,158.31471252441406,218.7808837890625,487.9842529296875,573.6599731445312,220.88999938964844,79.94593048095703,43.49028396606445,46.757041931152344,114.1457290649414,79.27657318115234,149.08096313476562,98.32633209228516,115.14321899414062
2024-10-18,233.68482971191406,424.3493347167969,158.9403533935547,219.7069854736328,491.1828308105469,575.8666381835938,220.6999969482422,80.36102294921875,43.34634017944336,46.76686096191406,114.55252838134766,79.45046997070312,149.8048858642578,98.71224975585938,114.81792449951172
2024-10-21,235.15652465820312,421.1419677734375,156.73606872558594,217.3965606689453,492.12652587890625,574.9209594726562,218.85000610351562,79.86686706542969,43.216796875,46.3936767578125,115.08830261230469,78.78387451171875,148.04397583007812,97.94536590576172,114.88490295410156
2024-10-22,234.5400390625,421.0830383300781,157.3328857421875,218.4884033203125,492.6629333496094,574.6155395507812,217.97000122070312,81.062744140625,43.31755065917969,46.3052864074707,114.96923828125,79.22827911376953,147.82875061035156,97.5495376586914,115.47806549072266
2024-10-23,229.4685516357422,417.01263427734375,159.65269470214844,217.79624938964844,485.1134033203125,569.3650512695312,213.64999389648438,82.29814910888672,43.092041015625,46.2660026550293,113.32221984863281,79.07369995117188,147.1341552734375,96.0157470703125,115.06668090820312
2024-10-24,229.27964782714844,415.6590881347656,157.5446319580078,219.32679748535156,489.04718017578125,570.596435546875,260.4800109863281,82.07083892822266,43.087242126464844,46.3052864074707,113.65460205078125,78.9674301147461,146.16567993164062,99.04374694824219,114.41609954833984
2024-10-25,230.1149444580078,413.0697021484375,154.85903930664062,216.7239227294922,492.0272216796875,570.3992919921875,269.19000244140625,81.54702758789062,43.072845458984375,45.79460144042969,114.24494934082031,78.31050109863281,145.3634490966797,99.35546112060547,114.32041931152344
2024-10-28,232.0937957763672,415.9434814453125,155.55210876464844,219.83375549316406,492.1066589355469,572.1627197265625,262.510009765625,81.78423309326172,42.799354553222656,46.36420822143555,114.2102279663086,78.45541381835938,145.5786895751953,99.58800506591797,113.75594329833984
2024-10-29,232.36228942871094,414.40362548828125,154.09860229492188,217.299072265625,496.8350524902344,573.0887451171875,259.5199890136719,80.7464828491211,42.14680862426758,46.07940673828125,115.74810028076172,77.68254852294922,145.17758178710938,99.06849670410156,112.20603942871094
2024-10-30,228.81227111816406,413.66796875,154.5991668701172,218.77114868164062,493.0801696777344,571.35498046875,257.54998779296875,80.44009399414062,42.24277114868164,46.28564453125,113.90760803222656,77.55694580078125,144.90367126464844,98.92996215820312,111.64156341552734
2024-10-31,224.6457061767578,409.6661682128906,153.8772430419922,216.3437042236328,480.6334533691406,560.1546020507812,249.85000610351562,80.99356079101562,42.50667190551758,45.64729309082031,110.25141143798828,77.40238189697266,143.68081665039062,97.41595458984375,111.7276611328125
2024-11-01,221.66249084472656,412.3634948730469,154.1371307373047,217.33807373046875,484.1896667480469,562.518798828125,248.97999572753906,81.23076629638672,42.237972259521484,45.80442428588867,111.07989501953125,77.43135833740234,144.53192138671875,98.99922180175781,109.97684478759766
2024-11-04,220.7675323486328,410.0388488769531,152.31787109375,214.25746154785156,482.7790832519531,561.30712890625,242.83999633789062,81.48771667480469,42.97688674926758,45.45086669921875,110.99555206298828,77.64391326904297,143.58299255371094,98.65782928466797,113.47850036621094
2024-11-05,222.19949340820312,414.2074279785156,152.4237518310547,215.9245147705078,488.9378967285156,568.0942993164062,251.44000244140625,82.70337677001953,43.2647705078125,45.873165130615234,112.55823516845703,78.1365966796875,144.63955688476562,100.40438079833984,113.8133544921875
2024-11-06,221.4735565185547,428.8513488769531,151.97132873535156,240.85198974609375,502.2189636230469,582.2203369140625,288.5299987792969,82.46617889404297,44.89133834838867,48.66228485107422,115.76299285888672,76.86138153076172,144.82542419433594,103.6154556274414,115.76509857177734
2024-11-07,226.20692443847656,429.0082702636719,150.86436462402344,230.4403533935547,510.1260681152344,586.7220458984375,296.9100036621094,82.87139129638672,44.68502426147461,47.876617431640625,117.7820816040039,77.14153289794922,145.87216186523438,104.9464111328125,115.90861511230469
2024-11-08,225.93814086914062,431.6761474609375,149.65151977539062,231.02528381347656,510.7221374511719,589.2636108398438,321.2200012207031,83.83995819091797,44.982505798339844,48.308738708496094,117.6530990600586,78.07864379882812,146.9189453125,106.43566131591797,115.8703384399414
2024-11-11,223.22042846679688,434.5206298828125,149.2375946044922,233.2772216796875,510.424072265625,589.8251342773438,350.0,83.22718048095703,45.2368049621582,48.996192932128906,117.00321960449219,77.80813598632812,146.05804443359375,108.58299255371094,115.25802612304688
2024-11-12,223.22042846679688,430.96990966796875,146.9274444580078,233.5404510498047,509.500244140625,587.992919921875,328.489990234375,83.99807739257812,44.99689865112305,48.84888458251953,117.15203857421875,77.89508056640625,144.02322387695312,107.13330078125,115.14321899414062
2024-11-13,224.1063995361328,431.38189697265625,147.50497436523438,235.10025024414062,508.84466552734375,588.278564453125,330.239990234375,84.50213623046875,45.347164154052734,48.87834167480469,116.74524688720703,78.12693786621094,143.6416778564453,108.04863739013672,116.21476745605469
2024-11-14,227.1924591064453,429.3123474121094,146.18626403808594,235.79238891601562,505.3083190917969,584.4957885742188,311.17999267578125,83.48414611816406,45.5198974609375,48.750675201416016,116.34837341308594,77.93372344970703,141.38186645507812,106.51483917236328,116.29193115234375
2024-11-15,223.98696899414062,426.4425964355469,148.23654174804688,239.14596557617188,493.2689208984375,577.0092163085938,320.7200012207031,83.26671600341797,45.45272445678711,48.9765510559082,113.46112060546875,77.24781036376953,138.76002502441406,105.60444641113281,115.086181640625
2024-11-18,226.9933624267578,426.1285705566406,148.9777069091797,238.8730010986328,496.69598388671875,579.3734130859375,338.739990234375,83.09870147705078,46.05728530883789,49.123863220214844,113.82823181152344,77.78881072998047,138.85787963867188,106.57915496826172,116.05078125
2024-11-19,227.252197265625,424.8036193847656,147.27395629882812,236.98175048828125,500.11309814453125,581.4913330078125,346.0,85.58929443359375,45.76460266113281,48.799774169921875,114.7608871459961,77.89508056640625,138.1437225341797,106.65831756591797,114.43025970458984
2024-11-20,227.9689483642578,426.2267150878906,147.3798370361328,234.7297821044922,499.8250427246094,581.6883544921875,342.0299987792969,86.16252899169922,46.2252197265625,48.6524658203125,114.66167449951172,77.49899291992188,139.7774658203125,106.18828582763672,116.0604248046875
2024-11-21,227.49111938476562,430.8197937011719,149.68040466308594,238.6097869873047,501.623046875,584.8110961914062,339.6400146484375,87.3583984375,46.59947967529297,49.27117919921875,115.82747650146484,78.3394775390625,140.90248107910156,106.37630462646484,117.61343383789062
2024-11-22,228.8350372314453,434.9319763183594,149.3627471923828,242.30455017089844,502.4276123046875,586.6236572265625,352.55999755859375,89.38447570800781,46.671451568603516,49.82114791870117,115.88700866699219,79.06404113769531,141.02964782714844,107.91009521484375,117.47838592529297
2024-11-25,231.82151794433594,439.250244140625,149.9499053955078,244.0008087158203,503.2222900390625,588.613525390625,338.5899963378906,88.4554443359375,45.75020980834961,50.14523696899414,115.88204956054688,79.49877166748047,142.2329559326172,109.0134506225586,115.72281646728516
2024-11-26,234.00167846679688,440.5458068847656,149.93052673339844,243.68887329101562,505.9241638183594,591.6869506835938,338.2300109863281,90.24431610107422,45.68783187866211,50.24345016479492,116.46247100830078,79.82723999023438,142.9960174560547,109.40926361083984,113.79362487792969
2024-11-27,233.8722381591797,439.42694091796875,150.7843780517578,243.51339721679688,501.9408264160156,589.89404296875,332.8900146484375,90.80767059326172,45.63985061645508,50.34165573120117,114.8849105834961,79.99148559570312,143.7590789794922,108.86995697021484,113.49459838867188
2024-11-29,236.26144409179688,441.73333740234375,150.4059600830078,243.44515991210938,506.351318359375,593.5585327148438,345.1600036621094,91.42042541503906,45.83657455444336,50.42021942138672,115.95149993896484,80.39723205566406,144.2091064453125,109.98814392089844,113.78397369384766
2024-12-02,238.51124572753906,440.40838623046875,150.2021942138672,240.0623321533203,511.8644714355469,594.6224975585938,357.0899963378906,91.55880737304688,45.351959228515625,49.91936111450195,117.05282592773438,80.30062103271484,143.95474243164062,110.94800567626953,113.67786407470703
2024-12-03,241.5574951171875,439.57415771484375,147.8346710205078,238.66827392578125,513.4339599609375,594.8982543945312,351.4200134277344,92.41865539550781,45.347164154052734,49.54615783691406,117.47450256347656,79.88520812988281,143.6318817138672,110.86389923095703,113.50423431396484
2024-12-04,241.91587829589844,442.567626953125,146.0008087158203,237.28396606445312,519.7814331054688,598.59228515625,357.92999267578125,93.34766387939453,44.25319290161133,49.359561920166016,119.6225814819336,79.66301727294922,143.5536346435547,111.89302062988281,110.2342529296875
2024-12-05,241.9457244873047,440.3397216796875,145.07904052734375,239.3116912841797,518.3411254882812,597.6072387695312,369.489990234375,94.18775177001953,44.42591857910156,49.50687789916992,119.01734924316406,79.98181915283203,141.9492645263672,112.808349609375,110.716552734375
2024-12-06,241.7466278076172,438.8479309082031,144.87527465820312,241.14447021484375,522.9800415039062,598.7401123046875,389.2200012207031,94.58308410644531,43.672611236572266,49.49706268310547,119.47871398925781,79.58572387695312,141.1470489501953,115.18327331542969,109.54939270019531
2024-12-09,245.63902282714844,436.8163757324219,145.1566619873047,237.6836395263672,518.9073486328125,595.65673828125,389.7900085449219,92.73490905761719,43.600643157958984,48.819419860839844,118.6998519897461,79.46013641357422,141.5579376220703,114.817138671875,108.90311431884766
2024-12-10,246.65444946289062,435.4521484375,144.79762268066406,236.7575225830078,517.1390991210938,593.8048706054688,400.989990234375,93.4465103149414,43.303165435791016,48.809600830078125,117.05282592773438,79.83690643310547,140.97096252441406,115.00514221191406,108.6812515258789
2024-12-11,245.38021850585938,434.2940673828125,142.28457641601562,237.41070556640625,526.3971557617188,598.3953247070312,424.7699890136719,93.85172271728516,43.37513732910156,48.907806396484375,118.74945831298828,79.22827911376953,139.05352783203125,117.0238265991211,107.95780181884766
2024-12-12,246.8435821533203,432.0956115722656,141.89645385742188,235.4609375,522.9999389648438,595.3120727539062,418.1000061035156,92.99187469482422,43.024864196777344,48.691749572753906,118.08470153808594,79.46013641357422,137.9480743408203,116.05406188964844,107.86133575439453
2024-12-13,247.0128173828125,431.21234130859375,142.26515197753906,233.910888671875,527.003173828125,595.1937866210938,436.2300109863281,93.35639190673828,42.80895233154297,48.6524658203125,118.59070587158203,79.25725555419922,137.92849731445312,116.51420593261719,106.91603088378906
2024-12-16,249.9097137451172,430.23095703125,139.5774383544922,233.5599365234375,534.59228515625,597.7352294921875,463.0199890136719,93.97052001953125,41.86851501464844,48.56407928466797,119.77637481689453,78.84185028076172,136.28497314453125,118.09252166748047,104.62994384765625
2024-12-17,252.33872985839844,427.48297119140625,142.0614013671875,232.37060546875,532.2380981445312,595.2725830078125,479.8599853515625,94.51529693603516,41.556640625,48.2203483581543,119.05207824707031,78.70659637451172,136.18716430664062,118.46361541748047,104.18622589111328
2024-12-18,246.9331817626953,416.3437194824219,140.45071411132812,224.58135986328125,513.03662109375,577.5313720703125,440.1300048828125,92.66303253173828,40.32831573486328,46.77668762207031,115.21232604980469,77.50865173339844,134.33819580078125,113.12500762939453,102.65251922607422
2024-12-19,248.66534423828125,416.6479187011719,139.31546020507812,227.1062774658203,510.7518310546875,577.35400390625,436.1700134277344,92.51445770263672,39.97805404663086,46.943634033203125,115.33635711669922,76.95799255371094,133.32077026367188,112.97162628173828,101.77473449707031
2024-12-20,253.3441925048828,421.7986755371094,140.17901611328125,231.62969970703125,515.2120361328125,584.2886352539062,421.05999755859375,91.36544799804688,40.37150192260742,47.64091873168945,117.05780029296875,77.2284927368164,135.00341796875,113.25859832763672,102.12199401855469
2024-12-23,254.1206817626953,422.14306640625,140.95526123046875,232.39984130859375,520.2315673828125,587.7875366210938,430.6000061035156,89.49336242675781,40.60858154296875,47.75532150268555,118.29806518554688,76.82159423828125,136.35169982910156,113.60211944580078,102.53677368164062
2024-12-24,257.0375061035156,425.6962890625,141.51803588867188,236.22134399414062,527.285888671875,594.3207397460938,462.2799987792969,91.80127716064453,40.95210647583008,48.317501068115234,119.52045440673828,77.32777404785156,136.911865234375,116.22940063476562,102.63322448730469
2024-12-26,257.853759765625,426.39508056640625,141.25604248046875,237.03048706054688,526.9276123046875,594.3603515625,454.1300048828125,91.91023254394531,40.918235778808594,48.435855865478516,119.59994506835938,77.57112121582031,137.18702697753906,115.79813385009766,102.72003936767578
2024-12-27,254.439208984375,423.2357177734375,140.74180603027344,235.10997009277344,519.9231567382812,588.103759765625,431.6600036621094,90.79095458984375,40.913394927978516,48.08079528808594,118.00984954833984,77.19149780273438,136.54824829101562,113.88468170166016,102.71038818359375
2024-12-30,251.0644989013672,419.0721740722656,139.0825653076172,233.30648803710938,513.0081787109375,581.392578125,417.4100036621094,89.71127319335938,40.90856170654297,47.61724853515625,116.50920867919922,76.28622436523438,134.86781311035156,112.05550384521484,102.01588439941406
2024-12-31,249.29251098632812,418.8064270019531,140.32455444335938,233.68667602539062,508.6503601074219,579.2774047851562,403.8399963378906,89.49336242675781,41.44562530517578,47.666561126708984,115.54023742675781,76.51984405517578,135.19210815429688,111.21279907226562,103.76180267333984
2025-01-02,242.75209045410156,417.13311767578125,139.74237060546875,233.96939086914062,507.6553955078125,577.8541259765625,379.2799987792969,89.14668273925781,41.92946243286133,47.5482063293457,115.26693725585938,76.28622436523438,135.2313995361328,109.75044250488281,103.5110092163086
2025-01-03,242.26431274414062,420.4403076171875,139.9073486328125,237.16696166992188,515.9632568359375,585.0792846679688,410.44000244140625,89.91928100585938,42.321372985839844,47.92299270629883,117.14524841308594,76.2472915649414,136.55809020996094,111.97122955322266,104.04154205322266
2025-01-06,243.89691162109375,420.4107666015625,139.39309692382812,236.0106658935547,521.8931274414062,588.44970703125,411.04998779296875,90.56312561035156,42.127838134765625,47.775047302246094,118.6359634399414,75.44908905029297,136.61705017089844,112.41241455078125,103.92578125
2025-01-07,241.11949157714844,418.6390686035156,141.88671875,238.2840576171875,512.580322265625,581.7978515625,394.3599853515625,89.94900512695312,42.54877471923828,47.666561126708984,116.25579071044922,75.18627166748047,137.2951202392578,110.23625183105469,104.9000244140625
2025-01-08,241.60728454589844,419.4266052246094,138.04437255859375,238.24485778808594,512.6699829101562,582.6478881835938,394.94000244140625,90.92961883544922,42.59231948852539,47.82436752319336,116.21603393554688,75.32254791259766,138.00265502929688,110.54853820800781,103.14446258544922
2025-01-10,235.78363037109375,412.7334899902344,137.84059143066406,235.0503692626953,504.6307373046875,573.7523193359375,394.739990234375,92.11824035644531,42.76649856567383,46.67042541503906,113.68181610107422,74.31019592285156,137.22633361816406,109.46293640136719,102.76826477050781
2025-01-13,233.3446502685547,416.30633544921875,140.17901611328125,239.3031768798828,503.0089416503906,574.6419067382812,403.30999755859375,90.66217803955078,43.66644287109375,47.00575637817383,112.8768310546875,74.4367446899414,139.01486206054688,110.08258056640625,105.42091369628906
2025-01-14,232.22967529296875,418.4618835449219,140.45071411132812,242.49765014648438,502.5313415527344,575.4326171875,396.3599853515625,89.92919921875,44.135765075683594,47.5876579284668,113.17497253417969,74.45620727539062,137.58010864257812,109.86941528320312,105.835693359375
2025-01-15,236.79901123046875,425.4403991699219,140.66416931152344,247.2796173095703,514.0927124023438,585.8997192382812,428.2200012207031,90.4739761352539,44.788944244384766,48.8007698059082,115.42594909667969,74.203125,138.14027404785156,112.66522979736328,107.56232452392578
2025-01-16,227.23228454589844,424.7710266113281,143.38101196289062,249.16102600097656,510.49102783203125,584.7728881835938,413.82000732421875,90.43436431884766,45.11311721801758,49.126243591308594,114.53649139404297,74.75796508789062,138.69056701660156,112.05550384521484,107.3790512084961
2025-01-17,228.94451904296875,428.0420837402344,142.66297912597656,253.95278930664062,519.1072387695312,590.6439819335938,426.5,91.06829833984375,45.46148681640625,49.54047775268555,116.330322265625,75.18627166748047,137.75697326660156,113.62691497802734,108.34364318847656
2025-01-21,221.6375732421875,433.33941650390625,143.7497100830078,257.74505615234375,522.15185546875,596.0504150390625,424.07000732421875,92.19747924804688,45.22924041748047,49.954715728759766,117.29927825927734,75.53669738769531,140.03689575195312,114.4596939086914,107.52373504638672
2025-01-22,222.82223510742188,434.5012512207031,140.95526123046875,257.558837890625,528.8279418945312,599.401123046875,415.1099853515625,92.34606170654297,44.406715393066406,49.71800994873047,119.94778442382812,75.16680145263672,139.722412109375,114.02842712402344,105.65241241455078
2025-01-23,222.6529998779297,438.53826904296875,142.28457641601562,260.60638427734375,529.9523315429688,602.6727294921875,412.3800048828125,92.9205551147461,44.60992431640625,50.0040283203125,120.16146087646484,75.4393539428711,141.58958435058594,114.71747589111328,106.2504653930664
2025-01-24,221.77694702148438,437.29766845703125,142.459228515625,259.5186462402344,526.95751953125,600.913330078125,406.5799865722656,93.86155700683594,44.17930603027344,50.1519660949707,118.90925598144531,75.82872009277344,141.8155975341797,114.01851654052734,104.81322479248047
2025-01-27,228.82508850097656,440.2515869140625,148.3489227294922,260.5083923339844,511.6153564453125,592.4132080078125,397.1499938964844,96.47651672363281,43.71966552734375,50.70427703857422,113.08057403564453,77.88261413574219,144.99960327148438,114.66790771484375,106.26976013183594
2025-01-28,237.187255859375,441.52178955078125,145.9134979248047,261.7724609375,519.177001953125,597.50341796875,398.0899963378906,96.3675765991211,43.303565979003906,50.615516662597656,116.09677124023438,76.66585540771484,143.98741149902344,114.80670166015625,104.21515655517578
2025-01-29,238.28231811523438,440.3106384277344,146.66061401367188,261.2236633300781,518.201904296875,594.8248901367188,389.1000061035156,96.5755844116211,43.400333404541016,50.57606887817383,115.15265655517578,76.85079956054688,143.1422882080078,114.47953033447266,104.82286071777344
2025-01-30,236.52027893066406,441.9254455566406,148.3295135498047,262.8405456542969,520.4105834960938,598.0173950195312,400.2799987792969,97.71467590332031,43.62289810180664,51.05934143066406,115.36631774902344,77.61006164550781,144.79322814941406,115.59983825683594,105.69100189208984
2025-01-31,234.93743896484375,438.54815673828125,147.6309051513672,261.92919921875,519.6544799804688,594.8347778320312,404.6000061035156,97.22933197021484,42.403621673583984,50.76345443725586,114.6905288696289,76.8800048828125,144.3313446044922,115.08924865722656,103.04800415039062
2025-02-03,226.98341369628906,437.44537353515625,147.35923767089844,261.4490661621094,515.49560546875,590.831787109375,383.67999267578125,98.59623718261719,42.669734954833984,50.55634307861328,113.1451644897461,77.18175506591797,144.89151000976562,113.56741333007812,103.29878997802734
2025-02-04,231.75184631347656,438.6859436035156,148.93112182617188,262.5563659667969,521.8235473632812,594.7952270507812,392.2099914550781,99.81456756591797,43.56483840942383,50.43798828125,114.7750015258789,76.52957916259766,144.4984130859375,114.90583801269531,106.06719207763672
2025-02-05,231.42333984375,441.77777099609375,150.09547424316406,264.9963073730469,524.1914672851562,597.2068481445312,378.1700134277344,101.4885482788086,43.656768798828125,50.97057342529297,116.37007141113281,77.00654602050781,145.884033203125,113.60211944580078,105.99002075195312
2025-02-06,232.16995239257812,440.4878845214844,148.9505157470703,271.3363342285156,526.9276123046875,599.2825317382812,374.32000732421875,101.87484741210938,42.85359573364258,51.39467239379883,116.68809509277344,77.35697937011719,144.57704162597656,114.05322265625,104.59135437011719
2025-02-07,226.60513305664062,436.3130187988281,148.5720977783203,270.2584228515625,520.2813720703125,593.7969360351562,361.6199951171875,100.19096374511719,42.848751068115234,51.10865020751953,115.68931579589844,77.24016571044922,143.8989715576172,111.82252502441406,105.03507232666016
2025-02-10,226.8741912841797,437.9474792480469,149.65882873535156,265.5940856933594,526.5794067382812,597.8295288085938,350.7300109863281,101.94418334960938,43.79224395751953,50.70427703857422,117.3787841796875,77.71713256835938,143.7711944580078,112.20421600341797,107.04142761230469
2025-02-11,231.8272705078125,439.2571105957031,151.49270629882812,269.4647216796875,525.3257446289062,598.2843017578125,328.5,101.49845123291016,44.145442962646484,50.832496643066406,117.43344116210938,78.46666717529297,143.505859375,110.93023681640625,107.71665954589844
2025-02-12,236.06277465820312,436.815185546875,150.64852905273438,269.9154968261719,525.6341552734375,596.3568115234375,336.510009765625,102.62764739990234,43.08100128173828,50.65496826171875,117.1800308227539,78.40826416015625,143.29953002929688,110.91040802001953,104.47581481933594
2025-02-13,240.7069091796875,440.389404296875,152.57943725585938,270.76800537109375,533.1958618164062,602.6529541015625,355.94000244140625,104.05399322509766,43.40517044067383,50.990299224853516,118.83968353271484,79.25511932373047,143.85964965820312,112.57601165771484,105.23492431640625
2025-02-14,243.7664337158203,438.9419860839844,151.5120849609375,271.0325622558594,535.4345703125,602.623291015625,355.8399963378906,103.05357360839844,43.57935333251953,51.088924407958984,119.24217987060547,78.46666717529297,142.29713439941406,112.52642822265625,105.34198760986328
2025-02-18,243.6368865966797,439.0699768066406,151.59034729003906,274.3250427246094,536.6483154296875,604.3924560546875,354.1099853515625,102.79602813720703,44.17447280883789,51.4538459777832,120.33039855957031,78.74895477294922,142.02198791503906,112.2141342163086,107.19111633300781
2025-02-19,244.03550720214844,439.8085632324219,154.42674255371094,273.6391296386719,536.7976684570312,605.8157958984375,360.55999755859375,103.01394653320312,44.52283477783203,51.47357177734375,120.34033966064453,79.38167572021484,143.8694610595703,112.14970397949219,107.34683227539062
2025-02-20,244.99224853515625,435.5942687988281,156.17745971679688,261.43927001953125,534.5191040039062,603.29541015625,354.3999938964844,96.28832244873047,44.92926025390625,50.68455505371094,119.95772552490234,79.07018280029297,144.67530822753906,111.18304443359375,109.00131225585938
2025-02-21,244.71319580078125,428.1185607910156,158.74000549316406,258.93072509765625,523.4254150390625,592.9765625,337.79998779296875,93.8813705444336,43.995452880859375,50.0533447265625,116.70796203613281,79.99491882324219,143.8989715576172,108.25835418701172,107.72639465332031
2025-02-24,246.25791931152344,428.4932861328125,160.14842224121094,256.0889892578125,517.2467041015625,590.2782592773438,330.5299987792969,92.7818832397461,44.005126953125,50.270320892333984,115.03836822509766,80.23826599121094,145.06837463378906,107.85186767578125,108.29086303710938
2025-02-25,246.1981201171875,430.0710144042969,162.44686889648438,252.22813415527344,510.7298278808594,587.3427124023438,302.79998779296875,96.76377868652344,43.37129592895508,50.26045608520508,113.54765319824219,81.37716674804688,146.31643676757812,107.28675079345703,106.79209899902344
2025-02-26,239.54087829589844,428.3058776855469,159.50289916992188,253.5902099609375,511.9635314941406,587.6392822265625,290.79998779296875,95.28789520263672,43.12453842163086,50.1519660949707,114.7849349975586,79.8197021484375,145.2649383544922,106.8455810546875,106.5293197631836
2025-02-27,236.49131774902344,426.34356689453125,160.13864135742188,253.844970703125,497.74560546875,578.2593994140625,281.95001220703125,95.87230682373047,43.35678482055664,50.42812728881836,110.60597229003906,79.80997467041016,144.67530822753906,105.30391693115234,107.20084381103516
2025-02-28,241.01583862304688,432.27996826171875,161.4003448486328,259.33245849609375,505.60577392578125,587.283447265625,292.9800109863281,97.67505645751953,44.029319763183594,51.463714599609375,112.0668716430664,80.8709945678711,146.35574340820312,107.05377960205078,108.34925079345703
2025-03-03,237.21881103515625,426.08721923828125,163.61077880859375,255.38345336914062,494.5418701171875,576.9942626953125,284.6499938964844,96.66471862792969,42.49071502685547,51.02975082397461,108.6581039428711,81.29928588867188,146.9945068359375,105.08084869384766,104.87483978271484
2025-03-04,235.1259765625,419.6577453613281,161.79156494140625,245.22181701660156,493.0494384765625,570.1644897460938,272.0400085449219,94.06956481933594,42.07944869995117,49.23473358154297,108.57363891601562,79.91704559326172,145.6285400390625,103.22689056396484,104.66072845458984
2025-03-05,234.93663024902344,424.48968505859375,161.49813842773438,246.47607421875,499.47686767578125,576.29248046875,279.1000061035156,95.06999206542969,41.46497344970703,49.520751953125,110.0991439819336,80.24800872802734,147.0927734375,104.79828643798828,102.61695098876953
2025-03-06,234.5280303955078,419.983154296875,162.1925811767578,241.5863494873047,485.73651123046875,566.0626831054688,263.45001220703125,93.74269104003906,41.59077453613281,48.7021484375,107.04317474365234,80.39400482177734,146.68988037109375,102.14128875732422,104.73858642578125
2025-03-07,238.2552947998047,422.3103942871094,163.03370666503906,237.41195678710938,489.3084411621094,569.2353515625,262.6700134277344,90.85037994384766,42.30201721191406,48.445716857910156,108.593505859375,80.6568374633789,146.69970703125,101.95291137695312,106.1010971069336
2025-03-10,226.70477294921875,413.6622314453125,164.02154541015625,227.55409240722656,470.3446044921875,554.073486328125,222.14999389648438,86.98735046386719,42.61651611328125,47.36082077026367,103.9772720336914,80.48162078857422,145.11752319335938,98.31439208984375,108.80667114257812
2025-03-11,220.08741760253906,408.97821044921875,162.221923828125,224.5359649658203,469.2203063964844,549.467529296875,230.5800018310547,86.6109619140625,42.27782440185547,46.956443786621094,103.55490112304688,79.30380249023438,143.53533935546875,97.35270690917969,106.23736572265625
2025-03-12,216.2405548095703,408.19915771484375,159.2779541015625,223.32089233398438,474.5134582519531,552.38330078125,248.08999633789062,84.39219665527344,42.47136306762695,47.025482177734375,105.18474578857422,77.58084869384766,142.10060119628906,97.91781616210938,106.20816040039062
2025-03-13,208.96543884277344,403.10101318359375,159.4148712158203,220.66534423828125,465.97674560546875,545.0197143554688,240.67999267578125,83.6988296508789,42.18105697631836,46.76905059814453,103.18719482421875,77.220703125,141.34390258789062,95.47396850585938,105.76046752929688
2025-03-14,212.76246643066406,409.589599609375,159.2388153076172,227.7696533203125,477.2396545410156,556.2775268554688,249.97999572753906,84.540771484375,43.42936325073242,47.85395431518555,106.30775451660156,77.39591979980469,142.4248809814453,97.50637817382812,108.90399169921875
2025-03-17,213.27072143554688,413.3861083984375,159.26817321777344,229.22972106933594,480.33392333984375,560.5671997070312,238.00999450683594,86.63076782226562,44.12125015258789,48.4161262512207,107.04814147949219,78.52507019042969,144.23309326171875,97.66004943847656,110.71419525146484
2025-03-18,211.96517944335938,410.7433166503906,160.64723205566406,230.24880981445312,472.1454772949219,554.5083618164062,225.30999755859375,84.77848815917969,44.19382095336914,48.35694885253906,105.41828918457031,77.6295394897461,144.30186462402344,95.92010498046875,110.59740447998047
2025-03-19,214.50648498535156,414.5793151855469,159.4148712158203,234.30564880371094,478.46343994140625,560.5474243164062,235.86000061035156,85.51148986816406,44.91474914550781,48.8895378112793,106.78975677490234,77.6295394897461,144.3804931640625,97.75919342041016,112.32001495361328
2025-03-20,213.37039184570312,414.2834777832031,159.4442138671875,234.20765686035156,476.8416748046875,558.9264526367188,236.25999450683594,84.99641418457031,45.079254150390625,48.958580017089844,106.02948760986328,77.2499008178711,144.4689178466797,97.52621459960938,112.7968978881836
2025-03-21,217.5261688232422,414.58087158203125,160.04083251953125,236.77500915527344,478.4136657714844,559.11083984375,248.7100067138672,85.39867401123047,44.76475143432617,48.781044006347656,106.31770324707031,77.220703125,144.06602478027344,97.87816619873047,112.40760803222656
2025-03-24,219.977783203125,420.38037109375,159.70828247070312,243.0758056640625,488.91217041015625,569.1236572265625,278.3900146484375,86.8984603881836,45.27479553222656,49.641231536865234,108.33120727539062,77.69823455810547,145.16598510742188,101.54756927490234,112.69956970214844
2025-03-25,222.9875030517578,420.7063293457031,157.4880828857422,246.08413696289062,491.7021789550781,570.4917602539062,288.1400146484375,84.18692779541016,45.4600944519043,49.918392181396484,108.68960571289062,76.99366760253906,143.31134033203125,102.35780334472656,113.46841430664062
2025-03-26,220.77503967285156,419.1354675292969,158.1727294921875,245.98614501953125,482.654541015625,563.6810302734375,272.05999755859375,84.63388061523438,45.72827911376953,49.76991271972656,106.26542663574219,78.1875228881836,142.78848266601562,101.02066802978516,115.10343933105469
2025-03-27,223.08714294433594,417.8609619140625,159.5518035888672,243.13461303710938,479.9043273925781,562.18408203125,273.1300048828125,85.05104064941406,45.284549713134766,49.67092514038086,105.28480529785156,79.07801818847656,143.01539611816406,101.08529663085938,114.73361206054688
2025-03-28,217.1574249267578,410.6288757324219,160.11907958984375,237.9705047607422,467.26953125,550.8626708984375,263.54998779296875,84.57428741455078,45.070003509521484,48.71076965332031,102.73121643066406,78.68659210205078,142.5714569091797,97.94377136230469,114.5779037475586
2025-03-31,221.37301635742188,414.8377685546875,162.2023468017578,240.3712615966797,467.24957275390625,554.5604858398438,259.1600036621094,87.19644165039062,45.56736755371094,49.304683685302734,102.7809829711914,79.91958618164062,144.04135131835938,98.15254974365234,115.74577331542969
2025-04-01,222.4293975830078,414.5511474609375,149.88851928710938,238.76422119140625,471.01611328125,556.1267700195312,268.4599914550781,88.22940826416016,45.83555221557617,49.24528884887695,103.53263092041016,80.03701782226562,141.4073486328125,99.17652893066406,115.85282897949219
2025-04-02,223.12701416015625,416.9618835449219,151.9522247314453,240.88084411621094,474.453857421875,559.646240234375,282.760009765625,89.15311431884766,45.89894104003906,49.651126861572266,104.29920959472656,79.80216217041016,142.3544158935547,101.06044006347656,115.49272918701172
2025-04-03,202.49755859375,400.3537902832031,156.3144073486328,224.0950164794922,449.0545959472656,532.0663452148438,267.2799987792969,86.6700210571289,42.29548645019531,47.2061882019043,97.18099975585938,80.2620849609375,141.20018005371094,94.95635223388672,109.4197998046875
2025-04-04,187.738037109375,378.61798095703125,149.87872314453125,207.32411193847656,421.16436767578125,500.9176330566406,239.42999267578125,82.6275405883789,38.40434646606445,43.751590728759766,90.77957916259766,76.77838134765625,133.45602416992188,90.86044311523438,101.54640197753906
2025-04-07,180.84161376953125,375.0118103027344,147.3162078857422,211.42564392089844,422.1806945800781,500.025390625,233.2899932861328,83.26321411132812,38.155662536621094,43.6427116394043,91.3221664428711,75.88789367675781,132.65695190429688,89.78677368164062,100.18388366699219
2025-04-08,171.83241271972656,371.9588928222656,146.70980834960938,213.82147216796875,414.577880859375,492.1936340332031,221.86000061035156,81.23699951171875,37.2730827331543,43.474430084228516,89.4654541015625,74.7136001586914,131.18704223632812,87.65431213378906,98.07198333740234
2025-04-09,198.17234802246094,401.2033996582031,147.6585235595703,231.0458984375,464.3399963378906,543.8834838867188,272.20001220703125,88.99419403076172,40.15974807739258,46.750858306884766,101.47681427001953,77.61016845703125,136.88909912109375,97.19815826416016,102.96731567382812
2025-04-10,189.77108764648438,390.9283447265625,145.4285430908203,223.9175262451172,444.590576171875,520.051025390625,252.39999389648438,89.99736785888672,37.53639221191406,45.44424819946289,96.7529067993164,77.64930725097656,133.0712890625,93.40050506591797,97.25447845458984
2025-04-11,197.47471618652344,397.08349609375,148.40185546875,232.8797607421875,452.78131103515625,529.3301391601562,252.30999755859375,92.17256927490234,38.46773147583008,46.196533203125,98.73406219482422,78.62787628173828,135.02459716796875,94.30519104003906,100.37852478027344
2025-04-14,201.82984924316406,400.5514221191406,150.97415161132812,231.42056274414062,455.850341796875,534.4654541015625,252.35000610351562,94.08951568603516,38.60426330566406,46.671669006347656,99.6350326538086,79.96851348876953,136.6720733642578,94.57856750488281,100.62184143066406
2025-04-15,201.45114135742188,398.86187744140625,150.25039672851562,229.8529052734375,456.3585205078125,532.9684448242188,254.11000061035156,93.33465576171875,38.545753479003906,46.79045104980469,99.9984130859375,79.29330444335938,135.8335418701172,93.89757537841797,100.339599609375
2025-04-16,193.6079559326172,392.0052490234375,150.53404235839844,226.38238525390625,442.59771728515625,521.1216430664062,241.5500030517578,90.57344818115234,38.86269760131836,46.057952880859375,96.52393341064453,78.44194793701172,134.452392578125,91.58121490478516,101.40042114257812
2025-04-17,196.3087158203125,386.852294921875,154.0159454345703,228.69937133789062,442.51800537109375,521.8651733398438,241.3699951171875,92.5897216796875,39.74039840698242,46.17674255371094,96.00127410888672,80.11529541015625,133.6632080078125,92.1578140258789,104.05731964111328
2025-04-21,192.50172424316406,377.2244873046875,153.47801208496094,225.7711181640625,431.5671081542969,509.443359375,227.5,91.78520202636719,38.701786041259766,45.18688201904297,93.5223388671875,79.35201263427734,130.78257751464844,89.6972885131836,102.52936553955078
2025-04-22,199.059326171875,387.35638427734375,154.289794921875,232.27833557128906,442.89666748046875,522.697998046875,237.97000122070312,94.20870208740234,39.686763763427734,46.68156433105469,95.80215454101562,80.47736358642578,133.23899841308594,92.53559875488281,105.40038299560547
2025-04-23,203.90277099609375,391.349853515625,151.97178649902344,237.49398803710938,452.94073486328125,530.79736328125,250.74000549316406,94.31795501708984,39.61362075805664,47.23588562011719,98.57974243164062,80.01744079589844,133.89996337890625,94.60343170166016,104.49528503417969
2025-04-24,207.65989685058594,396.3614807128906,151.5316619873047,241.2011260986328,465.6851806640625,541.9701538085938,259.510009765625,95.19200134277344,40.24751663208008,47.7605094909668,102.2583236694336,79.31288146972656,135.53758239746094,96.48734283447266,105.72154235839844
2025-04-25,208.56680297851562,396.4010009765625,151.18934631347656,240.12644958496094,470.8766174316406,545.8860473632812,284.95001220703125,94.44707489013672,40.174373626708984,47.532840728759766,103.77156829833984,79.10736846923828,136.18869018554688,98.2221450805664,105.66314697265625
2025-04-28,209.4238739013672,397.6365966796875,151.9424591064453,239.80108642578125,470.7271423339844,546.0941772460938,285.8800048828125,94.5761947631836,40.457191467285156,47.68131637573242,103.6023178100586,78.84315490722656,136.73126220703125,98.2569351196289,105.72154235839844
2025-04-29,210.49021911621094,400.5427551269531,152.49017333984375,241.181396484375,473.8360290527344,549.5342407226562,292.0299987792969,95.39065551757812,40.34016418457031,48.176246643066406,104.08516693115234,79.4988021850586,137.402099609375,98.95284271240234,105.45877838134766
2025-04-30,211.7758331298828,401.65972900390625,152.8813934326172,241.181396484375,473.7762451171875,549.7523803710938,282.1600036621094,96.59246826171875,39.25278854370117,48.26533508300781,104.51822662353516,80.07615661621094,138.5760498046875,98.05313110351562,102.8018569946289
2025-05-01,212.59304809570312,402.7273254394531,151.0719757080078,243.41949462890625,479.964111328125,553.6483764648438,280.5199890136719,96.75139617919922,39.399070739746094,48.255435943603516,106.05138397216797,79.3813705444336,134.7976837158203,98.5949478149414,102.9478530883789
2025-05-02,204.65020751953125,408.2825927734375,152.695556640625,248.96047973632812,487.0886535644531,561.8668212890625,287.2099914550781,98.08232879638672,39.974456787109375,49.255184173583984,107.8234634399414,79.81193542480469,136.66221618652344,100.12593078613281,103.3663330078125
2025-05-05,198.21221923828125,407.5115661621094,151.60012817382812,249.00978088378906,484.198974609375,558.6448364257812,280.260009765625,98.65841674804688,39.25278854370117,48.93843460083008,107.25102996826172,79.74343872070312,136.2774658203125,99.06219482421875,100.50505065917969
2025-05-06,197.83349609375,403.537841796875,151.08175659179688,245.74630737304688,479.6950988769531,553.9755249023438,275.3500061035156,97.8836898803711,39.26253890991211,48.661277770996094,106.3600082397461,79.60643768310547,132.5188446044922,98.19728088378906,101.906494140625
2025-05-07,195.58120727539062,406.3154296875,153.8496856689453,245.88433837890625,481.5783386230469,556.3052978515625,276.2200012207031,98.16179656982422,39.27716827392578,48.948333740234375,107.42523956298828,79.7336654663086,133.5349578857422,98.96278381347656,101.80917358398438
2025-05-08,196.81698608398438,409.1128845214844,152.2456512451172,249.90701293945312,486.5505676269531,560.1815185546875,284.82000732421875,96.77125549316406,39.79404067993164,49.35417556762695,108.4506607055664,79.63579559326172,132.33140563964844,100.13090515136719,103.2300796508789
2025-05-09,197.8534393310547,407.6697082519531,150.8372344970703,249.52247619628906,486.2317199707031,559.4677124023438,298.260009765625,96.29833221435547,40.193878173828125,49.35417556762695,108.31626892089844,79.1758804321289,130.8910675048828,100.61308288574219,104.43688201904297
2025-05-12,210.34713745117188,419.34368896484375,150.7589874267578,256.3945007324219,506.0408935546875,577.9567260742188,318.3800048828125,96.32820129394531,41.242244720458984,50.35392761230469,113.34381103515625,79.29330444335938,134.12686157226562,105.61365509033203,106.23736572265625
2025-05-13,212.48263549804688,416.655029296875,145.18402099609375,259.31292724609375,513.7533569335938,581.7735595703125,334.07000732421875,95.46198272705078,41.82250213623047,50.56180191040039,115.79287719726562,78.2266616821289,130.0919952392578,107.01043701171875,106.5293197631836
2025-05-14,211.88389587402344,415.7060546875,143.14964294433594,261.90594482421875,516.832275390625,582.51708984375,347.67999267578125,96.40784454345703,41.568946838378906,50.4232177734375,116.54452514648438,77.8058853149414,127.0338134765625,107.42301177978516,105.5755615234375
2025-05-15,211.00575256347656,418.6023254394531,146.32835388183594,263.7298889160156,517.4003295898438,585.3622436523438,342.82000732421875,95.929931640625,41.74448776245117,50.759769439697266,116.70380401611328,79.40093994140625,128.70101928710938,107.18441009521484,106.64614868164062
2025-05-16,210.81614685058594,421.9577941894531,148.0106201171875,263.7989196777344,519.6522827148438,589.0698852539062,349.9800109863281,97.81169128417969,41.681095123291016,51.06662368774414,116.9228286743164,80.3110122680664,131.29556274414062,108.19844818115234,106.26309967041016
2025-05-19,208.3413543701172,423.4317932128906,149.1451873779297,261.1565856933594,520.1504516601562,589.7142944335938,342.0899963378906,97.69222259521484,41.13984680175781,51.096317291259766,116.75359344482422,80.54586791992188,132.55828857421875,107.94493865966797,104.57373046875
2025-05-20,206.42539978027344,422.3733215332031,150.28952026367188,261.94537353515625,518.4166870117188,587.7315673828125,343.82000732421875,97.37362670898438,40.75950622558594,50.81916046142578,116.31554412841797,80.82965087890625,132.88385009765625,107.38323974609375,103.08079528808594
2025-05-21,201.6654052734375,414.2417907714844,149.82005310058594,257.3705749511719,511.21240234375,577.827880859375,334.6199951171875,96.00959014892578,40.00858688354492,49.77981185913086,114.13030242919922,79.89022827148438,129.80592346191406,105.20604705810547,101.81377410888672
2025-05-22,200.9369354248047,414.31103515625,149.26255798339844,257.00579833984375,512.1690063476562,578.0558471679688,341.0400085449219,95.51176452636719,39.85255432128906,49.720420837402344,114.16017150878906,79.5575180053711,128.78982543945312,105.65838623046875,101.13606262207031
2025-05-23,194.85975646972656,411.84783935546875,149.58529663085938,257.0451965332031,507.4259338378906,574.1102294921875,339.3399963378906,95.91998291015625,39.97932815551758,49.5422477722168,112.90078735351562,79.85108947753906,128.58262634277344,104.70896911621094,101.19499206542969
2025-05-27,199.78936767578125,419.2868957519531,151.17349243164062,261.56085205078125,519.3632202148438,586.0463256835938,362.8900146484375,97.15457916259766,40.32553482055664,50.4133186340332,115.58380889892578,80.57522583007812,130.3780975341797,107.80078887939453,101.67626190185547
2025-05-28,199.99891662597656,416.8830261230469,150.36460876464844,259.7861633300781,517.0614624023438,582.6558227539062,356.8999938964844,96.81605529785156,39.813541412353516,50.07676696777344,115.10594940185547,80.02722930908203,129.707275390625,106.81160736083984,100.2913818359375
2025-05-29,199.5299072265625,417.91180419921875,151.4990234375,260.65374755859375,518.077880859375,584.9557495117188,358.42999267578125,96.67666625976562,40.110984802246094,50.33413314819336,115.30008697509766,80.35015106201172,130.5753936767578,106.85633850097656,100.86105346679688
2025-05-30,200.4280242919922,418.2976379394531,153.10693359375,260.2889709472656,517.2607421875,584.301513671875,346.4599914550781,98.28960418701172,39.755027770996094,50.443016052246094,114.94168090820312,81.05471801757812,130.85162353515625,106.27476501464844,100.4780044555664
2025-06-02,201.27622985839844,419.1484069824219,153.2943572998047,260.9397277832031,521.3462524414062,587.5928344726562,342.69000244140625,99.33502197265625,40.27677536010742,50.46281433105469,115.95713806152344,81.10365295410156,130.9305419921875,106.52330780029297,101.21463775634766
2025-06-03,202.84292602539062,421.4236145019531,152.32763671875,262.5270690917969,525.4215698242188,590.9436645507812,344.2699890136719,99.54411315917969,40.754634857177734,50.56180191040039,117.69935607910156,81.0253677368164,131.23635864257812,107.08997344970703,101.95128631591797
2025-06-04,202.39389038085938,420.3651428222656,151.14390563964844,260.505859375,526.8863525390625,590.7849731445312,332.04998779296875,98.91685485839844,39.95982360839844,50.27473831176758,117.87358856201172,80.45780181884766,131.4928436279297,106.80663299560547,100.4780044555664
2025-06-05,200.20849609375,419.4055480957031,151.57794189453125,258.2677917480469,522.9205322265625,587.9298095703125,284.70001220703125,97.53292083740234,39.92081832885742,50.13616180419922,117.54007720947266,79.68472290039062,131.31529235839844,104.11248016357422,100.01637268066406
2025-06-06,203.49156188964844,423.76812744140625,152.92938232421875,261.9946594238281,528.0322265625,593.96728515625,295.1400146484375,97.04505920410156,40.67173767089844,50.759769439697266,118.65011596679688,79.93915557861328,132.56817626953125,105.46453094482422,102.41291046142578
2025-06-09,201.02676391601562,423.7482604980469,153.1266632080078,262.9904479980469,528.8095703125,594.5026245117188,308.5799865722656,97.02513885498047,40.749755859375,50.48260498046875,119.23251342773438,79.83151245117188,132.3412628173828,106.30955505371094,103.1004409790039
2025-06-10,202.2441864013672,424.9848327636719,154.33013916015625,264.8243103027344,532.3070068359375,597.8732299804688,326.0899963378906,96.89571380615234,41.47629928588867,50.5420036315918,119.8995361328125,80.00765991210938,133.8506317138672,107.58206939697266,105.31037139892578
2025-06-11,198.36236572265625,424.9749755859375,153.15626525878906,264.3806457519531,530.5133666992188,596.1681518554688,326.42999267578125,95.38233947753906,42.07606506347656,50.48260498046875,119.63571166992188,79.7336654663086,133.91969299316406,106.73207092285156,107.36314392089844
2025-06-12,198.78147888183594,425.85540771484375,154.53729248046875,264.4693603515625,531.7589111328125,598.5374755859375,319.1099853515625,94.41656494140625,42.22234344482422,50.48260498046875,120.74575805664062,80.203369140625,134.96539306640625,106.23002624511719,107.77567291259766
2025-06-13,196.03726196289062,418.2580261230469,154.97134399414062,261.2256164550781,525.0828857421875,591.8457641601562,325.30999755859375,94.02826690673828,42.95864486694336,49.45315933227539,119.05331420898438,79.22480010986328,134.29457092285156,105.25078582763672,110.12310028076172
2025-06-16,198.0031280517578,421.69073486328125,153.11680603027344,266.5595397949219,532.38671875,597.4766845703125,329.1300048828125,93.87891387939453,42.83185958862305,50.01737594604492,120.97970581054688,79.47923278808594,133.8802490234375,106.38411712646484,110.4766845703125
2025-06-17,195.2289581298828,418.5548095703125,150.31527709960938,265.73138427734375,527.1952514648438,592.3712158203125,316.3500061035156,93.83909606933594,43.23170471191406,49.730323791503906,120.12354278564453,78.80401611328125,131.67044067382812,104.54991912841797,111.96961975097656
2025-06-18,196.16697692871094,418.28778076171875,148.68763732910156,270.10894775390625,527.1055908203125,592.281982421875,322.04998779296875,94.67543029785156,42.948890686035156,49.71052551269531,120.26789093017578,78.70616149902344,131.44354248046875,104.59961700439453,111.17404174804688
2025-06-20,200.57769775390625,418.40576171875,147.76036071777344,271.13433837890625,524.9533081054688,590.8909301757812,322.1600036621094,95.7009506225586,43.38774490356445,49.84910202026367,119.73526763916016,79.28351593017578,130.81216430664062,104.72388458251953,112.65714263916016
2025-06-23,201.07666015625,422.3342590332031,149.2696533203125,274.3583679199219,530.3511352539062,596.7274780273438,348.67999267578125,97.44331359863281,42.29053497314453,50.47683334350586,121.10044860839844,80.20179748535156,131.00050354003906,106.79959869384766,109.74986267089844
2025-06-24,199.87918090820312,427.36395263671875,150.1278533935547,277.30633544921875,538.4612426757812,603.3196411132812,340.4700012207031,97.57274627685547,41.73997116088867,51.23170471191406,123.27434539794922,80.13282775878906,132.60629272460938,107.39237976074219,106.41041564941406
2025-06-25,201.13653564453125,426.4413757324219,150.21664428710938,280.0669860839844,539.8377685546875,603.65771484375,327.54998779296875,96.83597564697266,41.55808639526367,51.06285095214844,124.32640075683594,79.05886840820312,132.7252197265625,106.12712860107422,106.43988800048828
2025-06-26,200.57769775390625,430.4789733886719,149.95028686523438,284.6910705566406,544.885498046875,608.380615234375,325.7799987792969,95.60137176513672,42.15289306640625,51.440284729003906,125.18399810791016,78.98989868164062,133.0424346923828,107.10346221923828,108.0310287475586
2025-06-27,200.65753173828125,434.51666259765625,150.34487915039062,283.0740966796875,546.7509155273438,611.4032592773438,323.6300048828125,96.8459243774414,41.93168640136719,51.589271545410156,125.03441619873047,79.36431121826172,132.7549591064453,108.88677978515625,107.43189239501953
2025-06-30,204.7389373779297,437.1455383300781,150.68026733398438,285.83477783203125,550.292236328125,614.3265380859375,317.6600036621094,97.35370635986328,41.6908073425293,52.01636505126953,126.26097106933594,79.77812957763672,133.607421875,108.2591323852539,105.88004302978516
2025-07-01,207.3833770751953,441.35186767578125,153.80731201171875,286.3277282714844,545.653564453125,614.127685546875,300.7099914550781,97.81169128417969,42.01033401489258,52.30440902709961,125.1341323852539,80.77326202392578,135.51058959960938,108.72239685058594,107.29439544677734
2025-07-02,211.99366760253906,441.1732482910156,153.4521942138672,287.8953857421875,549.4542846679688,616.9116821289062,315.6499938964844,97.18444061279297,42.73295593261719,52.264678955078125,126.45542907714844,81.00972747802734,134.17242431640625,109.59412384033203,109.07215881347656
2025-07-03,213.10134887695312,444.5263977050781,153.89610290527344,293.2451171875,554.8610229492188,621.7738037109375,315.3500061035156,97.9311752319336,42.78211212158203,52.83082962036133,128.12075805664062,80.9703140258789,134.3112030029297,110.19188690185547,110.20167541503906
2025-07-07,209.50889587402344,440.4689025878906,153.16612243652344,289.25262451171875,550.6813354492188,617.140380859375,293.94000244140625,98.91685485839844,42.36919021606445,52.324275970458984,127.10360717773438,80.9013442993164,133.1811981201172,108.7921371459961,109.13108825683594
2025-07-08,209.5687713623047,438.8617858886719,153.67906188964844,280.1481628417969,550.9906005859375,616.8023681640625,297.80999755859375,96.66670989990234,43.50965118408203,51.85744857788086,127.78669738769531,80.15252685546875,133.7858428955078,108.42351531982422,112.15623474121094
2025-07-09,210.69639587402344,440.98480224609375,154.16244506835938,280.524658203125,554.8909912109375,620.5010986328125,295.8800048828125,96.38793182373047,43.2884407043457,52.046165466308594,128.55453491210938,79.63033294677734,134.30128479003906,109.06610107421875,111.77317810058594
2025-07-10,211.96372985839844,442.9490661621094,155.5533447265625,285.5078125,554.0929565429688,622.2510986328125,309.8699951171875,94.4464340209961,43.617801666259766,52.35407257080078,128.1307373046875,79.91606903076172,135.12400817871094,110.2715835571289,112.88304901123047
2025-07-11,210.7163543701172,440.0423278808594,154.77403259277344,284.190185546875,552.845947265625,620.0635986328125,313.510009765625,93.98844146728516,43.81442642211914,51.80778503417969,127.56731414794922,79.6204833984375,134.00390625,110.30147552490234,113.3741455078125
2025-07-14,208.1816864013672,441.0443115234375,154.69512939453125,286.0130615234375,554.85107421875,621.2467651367188,316.8999938964844,95.36241912841797,43.33268356323242,52.19514846801758,127.46260833740234,79.68944549560547,133.84532165527344,110.7099380493164,111.89103698730469
2025-07-15,208.67066955566406,436.6495361328125,153.06747436523438,283.8830871582031,555.3598022460938,618.592041015625,310.7799987792969,94.97412109375,42.7083740234375,51.301231384277344,128.5944366455078,78.89137268066406,131.4366455078125,109.12588500976562,110.89903259277344
2025-07-16,209.71847534179688,438.8419494628906,162.54725646972656,283.1598815917969,555.9284057617188,620.66015625,321.6700134277344,94.73516845703125,42.339691162109375,51.65879821777344,128.99331665039062,79.16725158691406,133.07215881347656,109.32513427734375,110.23114013671875
2025-07-17,209.57875061035156,441.67919921875,160.7716522216797,287.201904296875,560.4273681640625,624.4583740234375,319.4100036621094,94.67543029785156,42.6002311706543,52.15542221069336,130.16502380371094,79.91606903076172,131.5555877685547,109.69873809814453,109.67129516601562
2025-07-18,210.73631286621094,439.9136657714844,161.48190307617188,288.55914306640625,559.8887329101562,624.0010375976562,329.6499938964844,94.63561248779297,42.25612258911133,52.18522262573242,130.0802764892578,79.69930267333984,130.6833038330078,110.67009735107422,105.85057067871094
2025-07-21,212.0335693359375,440.0923156738281,162.13296508789062,288.2619323730469,562.7916259765625,625.1842651367188,328.489990234375,95.25289916992188,41.81861877441406,52.036231994628906,130.2498016357422,79.68944549560547,129.9398956298828,111.19313049316406,106.1255874633789
2025-07-22,213.94955444335938,441.600830078125,165.65457153320312,288.7176513671875,559.8787841796875,625.2737426757812,332.1099853515625,95.43211364746094,42.01525115966797,52.324275970458984,129.0431671142578,80.4185562133789,132.35848999023438,112.31890869140625,106.60685729980469
2025-07-23,213.7000732421875,446.81121826171875,166.80873107910156,293.998046875,562.4324951171875,630.59326171875,332.55999755859375,95.26286315917969,42.67396545410156,52.74143600463867,129.78111267089844,80.44811248779297,135.07444763183594,112.85191345214844,107.97209930419922
2025-07-24,213.31088256835938,443.73455810546875,167.2624969482422,293.78997802734375,563.6295776367188,630.802001953125,305.29998779296875,96.17884826660156,42.9787483215332,52.711639404296875,130.32957458496094,80.16238403320312,134.56890869140625,110.98391723632812,108.81678771972656
2025-07-25,213.43064880371094,445.6301574707031,166.0195770263672,295.84075927734375,564.9862670898438,633.4667358398438,316.05999755859375,97.04505920410156,42.81652069091797,53.07914352416992,130.62872314453125,80.30032348632812,135.28260803222656,112.01504516601562,108.43373107910156
2025-07-28,213.6002960205078,444.9552917480469,163.96775817871094,295.50390625,566.7518920898438,633.3076782226562,325.5899963378906,97.18444061279297,43.30318832397461,52.711639404296875,131.67080688476562,79.47269439697266,134.10304260253906,112.6676025390625,109.45520782470703
2025-07-29,210.8261260986328,443.1093444824219,165.83213806152344,294.27545166015625,565.8740844726562,631.63720703125,321.20001220703125,97.90130615234375,43.72594451904297,52.44346237182617,131.67579650878906,79.99488830566406,133.25057983398438,111.89051818847656,110.86956024169922
2025-07-30,208.6107940673828,441.40234375,164.99365234375,296.8413391113281,566.6322631835938,630.841796875,319.0400085449219,97.16453552246094,43.10164260864258,52.344139099121094,131.969970703125,79.28548431396484,133.0126953125,111.18317413330078,109.90702056884766
2025-07-31,207.1339111328125,437.99822998046875,162.5078125,293.4828796386719,563.6295776367188,628.4754028320312,308.2699890136719,97.55284118652344,42.870601654052734,52.01636505126953,131.00267028808594,78.60564422607422,129.28567504882812,110.30147552490234,109.65164947509766
2025-08-01,201.95481872558594,432.43060302734375,165.06271362304688,286.6768493652344,552.5267333984375,618.1743774414062,302.6300048828125,98.06060791015625,42.07423782348633,51.052921295166016,128.17559814453125,78.98004913330078,129.97955322265625,107.64144134521484,107.68727111816406
2025-08-04,202.9227752685547,438.4746398925781,168.72244262695312,291.5213317871094,562.7218017578125,627.5704956054688,309.260009765625,99.15580749511719,41.98084259033203,51.55947494506836,130.77830505371094,79.36431121826172,131.84304809570312,108.90670776367188,105.45770263671875
2025-08-05,202.49366760253906,437.8096618652344,168.426513671875,288.658203125,558.901123046875,624.3887329101562,308.7200012207031,98.87702941894531,42.034915924072266,51.350894927978516,129.6963348388672,79.28548431396484,131.3375244140625,109.04618835449219,105.33001708984375
2025-08-06,212.80197143554688,438.6333923339844,168.27853393554688,288.6383972167969,565.9339599609375,629.17138671875,319.9100036621094,102.90937805175781,41.646568298339844,51.599205017089844,131.15724182128906,80.4185562133789,129.36497497558594,111.31269073486328,104.6130142211914
2025-08-07,219.56771850585938,436.4004211425781,169.20579528808594,284.2694396972656,567.8491821289062,628.6443481445312,322.2699890136719,102.67042541503906,41.48434829711914,51.02311706542969,131.27691650390625,81.02942657470703,127.87812805175781,111.27781677246094,104.06298828125
2025-08-08,228.86814880371094,438.5837707519531,170.98141479492188,286.0725402832031,573.146240234375,633.5462646484375,329.6499938964844,103.27776336669922,41.74980163574219,51.4998779296875,132.58824157714844,81.26589965820312,129.01805114746094,111.47208404541016,104.89785766601562
2025-08-11,226.95997619628906,436.6882019042969,171.4647979736328,286.8650817871094,571.4503784179688,632.29345703125,339.0299987792969,103.47689056396484,41.41552734375,51.480018615722656,131.6907501220703,81.19692993164062,129.1468963623047,111.76100158691406,103.94512939453125
2025-08-12,229.42758178710938,441.32293701171875,170.43887329101562,290.12445068359375,578.6328125,639.02490234375,340.8399963378906,103.16825103759766,41.6170768737793,52.10575866699219,133.73004150390625,81.41368865966797,130.0390167236328,112.9465560913086,104.23977661132812
2025-08-13,233.10403442382812,446.0271301269531,172.056640625,287.8260192871094,578.922119140625,641.2123413085938,339.3800048828125,100.5497055053711,42.098819732666016,52.40373229980469,133.77989196777344,81.41368865966797,132.12057495117188,114.4957504272461,105.68359375
2025-08-14,232.5545654296875,445.7690734863281,172.35256958007812,291.4222717285156,578.4732666015625,641.27197265625,335.5799865722656,100.41031646728516,42.05949401855469,52.65204620361328,133.49070739746094,80.68458557128906,132.7847137451172,114.3662338256836,105.46751403808594
2025-08-15,231.36570739746094,446.40069580078125,174.24656677246094,287.7864074707031,575.929443359375,639.7706298828125,330.55999755859375,99.79656982421875,42.05949401855469,52.10575866699219,132.47854614257812,80.81266784667969,135.0149688720703,114.0922622680664,105.566650390625
2025-08-18,230.66639709472656,445.924072265625,173.86184692382812,288.8167419433594,575.699951171875,639.63134765625,335.1600036621094,100.4951400756836,41.80879211425781,52.14548873901367,132.7627410888672,80.70429229736328,134.69778442382812,114.55055236816406,105.79466247558594
2025-08-19,230.3367156982422,446.1623840332031,175.39085388183594,287.954833984375,567.88916015625,636.1612548828125,329.30999755859375,101.08394622802734,41.82353591918945,52.24481201171875,130.44424438476562,81.53192901611328,135.5601348876953,114.4957504272461,106.48858642578125
2025-08-20,225.79110717773438,446.23187255859375,176.416748046875,289.5201110839844,564.5174560546875,634.470947265625,323.8999938964844,102.36134338378906,42.17255783081055,52.51298904418945,129.5617218017578,81.99501037597656,136.29364013671875,113.364990234375,107.5889663696289
2025-08-21,224.68218994140625,444.83172607421875,176.5055389404297,288.7572937011719,561.90380859375,631.925537109375,320.1099853515625,97.7607192993164,42.46258544921875,52.344139099121094,129.09303283691406,81.25605010986328,135.83767700195312,112.6925048828125,108.28289794921875
2025-08-22,227.53941345214844,453.4612121582031,176.86065673828125,293.4828796386719,570.5725708007812,641.6299438476562,340.010009765625,96.63301849365234,43.32776641845703,53.2082633972168,130.8431396484375,81.25605010986328,136.957763671875,116.11468505859375,110.31511688232422
2025-08-25,226.94000244140625,449.9160461425781,175.99258422851562,292.1553649902344,568.9265747070312,638.8060302734375,346.6000061035156,95.87456512451172,43.44083023071289,52.90035629272461,130.54893493652344,79.8667984008789,135.0050506591797,115.88056182861328,110.77112579345703
2025-08-26,229.08792114257812,451.326171875,175.3765106201172,295.7912292480469,571.2109985351562,641.4807739257812,351.6700134277344,95.85460662841797,43.372013092041016,53.307586669921875,131.14727783203125,79.3446044921875,135.84759521484375,116.41355895996094,110.5232925415039
2025-08-27,230.26678466796875,452.8554382324219,175.67459106445312,296.4945983886719,572.0888671875,642.9423828125,349.6000061035156,95.8845443725586,43.858673095703125,53.41684341430664,131.85528564453125,79.58106231689453,135.76829528808594,116.43846130371094,111.77237701416016
2025-08-28,232.33477783203125,453.61016845703125,174.3430633544922,298.2679443359375,575.6701049804688,645.2192993164062,345.9800109863281,95.91448211669922,44.19294357299805,53.48637008666992,132.89736938476562,79.07857513427734,135.23301696777344,116.6377182006836,112.36717224121094
2025-08-29,231.91517639160156,452.9150390625,176.0522003173828,298.6147155761719,569.0064086914062,641.3713989257812,333.8699951171875,96.78271484375,44.43382263183594,53.625431060791016,130.8580780029297,79.5909194946289,136.22425842285156,115.43721771240234,113.29901885986328
2025-09-02,229.49752807617188,450.4523010253906,176.93658447265625,296.91070556640625,564.2380981445312,636.61865234375,329.3599853515625,97.65093994140625,44.49772644042969,53.22813034057617,129.5367889404297,79.46283721923828,136.35311889648438,114.57544708251953,113.695556640625
2025-09-03,238.2390594482422,450.104736328125,176.87696838378906,296.72247314453125,568.67724609375,640.06884765625,334.0899963378906,99.23770904541016,43.499820709228516,53.138736724853516,130.30963134765625,79.4037094116211,135.70883178710938,115.0387191772461,110.93965911865234
2025-09-04,239.5477752685547,453.8683166503906,177.63217163085938,300.99237060546875,573.8245849609375,645.4181518554688,338.5299987792969,100.72467803955078,43.789852142333984,53.6949577331543,130.95281982421875,79.45298767089844,136.22425842285156,117.14083862304688,111.42540740966797
2025-09-05,239.45787048339844,451.8226623535156,177.3042449951172,291.6402282714844,574.6525268554688,643.5488891601562,350.8399963378906,100.30553436279297,42.9443359375,52.711639404296875,131.0625,79.67959594726562,136.6901397705078,117.11592102050781,108.28289794921875
2025-09-08,237.64962768554688,453.0242919921875,177.0061492919922,290.18389892578125,577.4556884765625,645.1298217773438,346.3999938964844,102.07192993164062,42.84602355957031,52.751373291015625,132.04473876953125,79.3840103149414,136.64059448242188,117.56922912597656,108.89751434326172
2025-09-09,234.123046875,454.8216857910156,175.84353637695312,295.0779113769531,579.0917358398438,646.6212768554688,346.9700012207031,102.0819091796875,43.052486419677734,52.979820251464844,132.29904174804688,79.54165649414062,137.37408447265625,117.40484619140625,109.69058227539062
2025-09-10,226.5703582763672,452.75616455078125,174.680908203125,297.7428894042969,579.28125,648.4906005859375,347.7900085449219,100.20574188232422,43.80459976196289,52.80103302001953,134.6973114013672,78.76329040527344,136.12513732910156,116.00010681152344,111.52454376220703
2025-09-11,229.80722045898438,458.7044372558594,177.37380981445312,302.7161560058594,582.6529541015625,653.8796997070312,368.80999755859375,102.44117736816406,43.81442642211914,53.665157318115234,135.1510467529297,79.4037094116211,138.49417114257812,118.25664520263672,111.16766357421875
2025-09-12,233.84332275390625,456.1225891113281,176.93658447265625,304.0535888671875,585.2266235351562,653.660888671875,395.94000244140625,103.27946472167969,43.55389404296875,53.436710357666016,135.06129455566406,79.13768768310547,136.89830017089844,118.86935424804688,111.18749237060547
2025-09-15,236.47076416015625,456.8673400878906,176.28074645996094,306.0250549316406,590.234375,657.1409301757812,410.0400085449219,103.47906494140625,43.40642166137695,53.31752014160156,136.27789306640625,78.23123168945312,135.7286376953125,119.90048217773438,111.37583923339844
2025-09-16,237.9193572998047,455.5863037109375,175.34669494628906,306.3123474121094,589.7356567382812,656.2361450195312,421.6199951171875,103.20960998535156,44.13395309448242,53.198333740234375,135.80421447753906,78.5859375,135.7286376953125,120.63772583007812,113.68563842773438
2025-09-17,238.75856018066406,458.049072265625,176.08201599121094,308.8485412597656,588.5585327148438,655.4208374023438,425.8599853515625,104.05787658691406,44.237186431884766,53.714820861816406,135.3355255126953,79.05886840820312,135.99627685546875,120.33386993408203,114.29035186767578
2025-09-18,237.64962768554688,459.4095153808594,173.0612030029297,310.3147888183594,593.865478515625,658.4832763671875,416.8500061035156,103.38924407958984,44.099544525146484,53.76448440551758,137.67396545410156,78.36917114257812,136.263916015625,119.79090118408203,112.942138671875
2025-09-19,245.26223754882812,461.0307922363281,175.07839965820312,311.850341796875,597.8856201171875,661.74462890625,426.07000732421875,102.12183380126953,43.514564514160156,53.883670806884766,139.070068359375,78.2115249633789,136.0854949951172,120.24420166015625,111.84176635742188
2025-09-22,255.8319854736328,461.7577819824219,173.1108856201172,309.5321044921875,601.4251098632812,664.8753662109375,434.2099914550781,102.61083221435547,43.46449279785156,53.81192398071289,141.11595153808594,77.33952331542969,136.05064392089844,119.85247802734375,111.04869842529297
2025-09-23,254.18359375,460.9610900878906,175.46592712402344,309.8293151855469,597.4302978515625,661.256103515625,425.8500061035156,102.31143951416016,44.213111877441406,53.572757720947266,139.89781188964844,77.7264175415039,136.3593292236328,118.72471618652344,112.96196746826172
2025-09-24,252.06564331054688,459.11871337890625,175.5752410888672,310.5030212402344,595.3329467773438,659.1522216796875,442.7900085449219,102.5210189819336,44.7882080078125,53.423282623291016,139.0341033935547,77.89506530761719,135.81166076660156,119.56305694580078,113.5666732788086
2025-09-25,256.6212158203125,457.5352783203125,176.60867309570312,310.5327453613281,592.7662963867188,656.1112670898438,423.3900146484375,102.84037017822266,45.189788818359375,53.28377151489258,138.78948974609375,77.15103149414062,133.56124877929688,117.87639617919922,114.5877456665039
2025-09-26,255.2126007080078,460.3735046386719,178.57618713378906,313.118408203125,595.203125,659.8701782226562,440.3999938964844,102.95014190673828,45.60623550415039,53.67241287231445,139.20884704589844,77.33952331542969,134.92543029785156,119.61795043945312,116.20361328125
2025-09-29,254.18359375,461.1304016113281,180.47412109375,312.75189208984375,597.9595947265625,661.7246704101562,443.2099914550781,102.87030792236328,44.76837921142578,53.941471099853516,139.9527130126953,77.48833465576172,135.32373046875,120.14189910888672,113.22962951660156
2025-09-30,254.38340759277344,461.82745361328125,184.25015258789062,312.4942932128906,599.5974731445312,664.21728515625,444.7200012207031,102.850341796875,44.29243469238281,53.682376861572266,140.716552734375,77.74626159667969,138.57986450195312,119.58301544189453,111.77237701416016
2025-10-01,255.20260620117188,462.3453674316406,184.87619018554688,307.8182373046875,602.4737548828125,666.4806518554688,459.4599914550781,101.75257873535156,44.29243469238281,53.20404815673828,142.09446716308594,77.6272201538086,142.86163330078125,120.33152770996094,111.01895904541016
2025-10-02,256.8809814453125,463.1918029785156,184.80662536621094,304.6876220703125,604.9505615234375,667.248291015625,436.0,101.49311065673828,43.84624099731445,53.164188385009766,142.86331176757812,77.31968688964844,142.58282470703125,119.46324920654297,110.32503509521484
2025-10-03,257.7701110839844,465.5820007324219,187.44984436035156,307.1445617675781,602.4038696289062,667.2384033203125,429.8299865722656,101.86235809326172,44.079254150390625,53.532901763916016,142.14439392089844,77.40896606445312,144.20591735839844,118.69477081298828,112.2779541015625
2025-10-06,256.44140625,464.9147033691406,186.97286987304688,307.7916259765625,606.9280395507812,669.6312866210938,453.25,102.49107360839844,44.297393798828125,53.512969970703125,143.58221435546875,76.843505859375,143.50888061523438,119.71275329589844,113.20980072021484
2025-10-07,256.23162841796875,464.0483093261719,187.69825744628906,306.3083190917969,603.732177734375,667.1486206054688,433.0899963378906,103.02997589111328,44.36680221557617,53.582725524902344,142.62367248535156,77.55777740478516,143.618408203125,117.61690521240234,113.26927947998047
2025-10-08,257.8100891113281,464.1479187011719,188.49322509765625,302.6647644042969,610.6532592773438,671.1268920898438,438.69000244140625,102.690673828125,44.10900115966797,53.323631286621094,145.1248779296875,77.1708755493164,143.897216796875,117.96621704101562,113.03135681152344
2025-10-09,253.79396057128906,461.5885009765625,189.87445068359375,304.15802001953125,609.9141845703125,669.1826171875,435.5400085449219,101.5629653930664,43.50911331176758,53.13429260253906,144.8802490234375,77.41889190673828,143.57858276367188,117.37738800048828,111.93099212646484
2025-10-10,245.032470703125,452.99407958984375,189.5167236328125,299.53887939453125,588.741455078125,651.0960693359375,413.489990234375,101.63282012939453,42.249847412109375,51.97833251953125,138.98419189453125,77.47840881347656,141.5074005126953,114.1487808227539,109.76988983154297
2025-10-13,247.42015075683594,458.7801208496094,189.69557189941406,306.5870666503906,601.2353515625,661.0865478515625,435.8999938964844,101.91226196289062,42.82494354248047,52.476593017578125,142.3690643310547,77.22047424316406,141.34808349609375,116.69873046875,111.26679229736328
2025-10-14,247.53004455566406,460.8017578125,189.64590454101562,300.7235107421875,597.2305297851562,660.2789306640625,429.239990234375,106.99189758300781,42.81998825073242,53.05457305908203,140.54183959960938,78.46052551269531,141.73641967773438,116.94324493408203,111.31636047363281
2025-10-15,249.09852600097656,460.8017578125,189.96388244628906,304.3172912597656,601.445068359375,663.2102661132812,435.1499938964844,108.80819702148438,42.79520034790039,53.05457305908203,141.93470764160156,78.59941864013672,141.9554901123047,117.11290740966797,110.64225769042969
2025-10-16,247.21035766601562,457.6647033691406,190.9078826904297,297.19940185546875,599.2179565429688,658.6936645507812,428.75,106.25341033935547,42.27959442138672,51.5797233581543,142.03956604003906,78.05379486083984,141.71652221679688,115.98014831542969,109.68067169189453
2025-10-17,252.045654296875,460.03076171875,192.00094604492188,296.22381591796875,603.1528930664062,662.4326171875,439.30999755859375,107.51084899902344,42.62663650512695,51.99826431274414,142.2891845703125,79.09544372558594,142.66249084472656,116.9781723022461,111.26679229736328
2025-10-20,261.98602294921875,465.2508850097656,192.49778747558594,301.0022277832031,610.7530517578125,669.3222045898438,447.42999267578125,106.83222961425781,43.077789306640625,52.60614013671875,143.87677001953125,79.0260009765625,144.17604064941406,117.90633392333984,111.7228012084961
2025-10-21,262.5155029296875,467.44256591796875,190.66940307617188,295.75592041015625,610.5933227539062,669.3121948242188,442.6000061035156,106.00391387939453,42.9786376953125,52.546348571777344,143.95166015625,78.65894317626953,144.5146026611328,119.34848022460938,111.73271942138672
2025-10-22,258.19970703125,464.01556396484375,191.72271728515625,292.7892761230469,604.7108764648438,665.83251953125,438.9700012207031,106.92204284667969,43.52894592285156,52.24739456176758,142.52880859375,79.10535430908203,145.34109497070312,118.41532897949219,113.71537780761719
2025-10-23,259.3285827636719,465.5198669433594,191.25567626953125,293.2173767089844,609.7943725585938,669.7808837890625,448.9800109863281,106.64261627197266,44.10900115966797,52.35700988769531,144.32608032226562,78.71846008300781,145.4207305908203,118.94926452636719,114.97437286376953
2025-10-24,262.56549072265625,470.42120361328125,189.19873046875,299.09088134765625,616.305908203125,675.2546997070312,433.7200012207031,105.95401763916016,43.662803649902344,52.925025939941406,146.56768798828125,78.46052551269531,145.41078186035156,118.594970703125,114.38948059082031
2025-10-27,268.5496520996094,473.5493469238281,189.099365234375,302.7842102050781,627.2818603515625,683.2211303710938,452.4200134277344,104.25747680664062,43.76691436767578,53.14426040649414,149.27359008789062,78.5895004272461,145.7493438720703,120.30158996582031,114.9347152709961
2025-10-28,268.7394714355469,475.3424987792969,185.75062561035156,303.98876953125,632.1055908203125,685.0357666015625,460.54998779296875,102.96012115478516,43.3108024597168,52.805442810058594,150.7513427734375,77.8057861328125,144.83323669433594,120.33152770996094,114.03260040283203
2025-10-29,269.4388122558594,474.56549072265625,185.42271423339844,304.13812255859375,634.9519653320312,685.3648071289062,461.510009765625,102.2515640258789,43.633056640625,51.90857696533203,151.83470153808594,75.97051239013672,143.36947631835938,119.33849334716797,115.4402847290039
2025-10-30,271.13714599609375,473.21063232421875,187.8572540283203,308.05047607421875,625.2444458007812,677.8270874023438,440.1000061035156,102.02203369140625,43.37525177001953,52.04808807373047,149.96754455566406,75.89114379882812,143.68812561035156,116.64383697509766,113.695556640625
2025-10-31,270.108154296875,473.8681335449219,187.6783905029297,309.722900390625,628.2605590820312,680.050537109375,456.55999755859375,100.97416687011719,43.69254684448242,52.187599182128906,150.1123046875,75.67289733886719,143.63833618164062,119.72772216796875,113.36841583251953
2025-11-03,268.7894287109375,471.6764831542969,185.08485412597656,307.96087646484375,631.2666625976562,681.3267822265625,468.3699951171875,101.38333129882812,43.697505950927734,51.96836853027344,150.72637939453125,75.07767486572266,143.8374786376953,120.85049438476562,112.77362060546875
2025-11-04,269.7784729003906,469.1161804199219,185.6810760498047,307.861328125,618.4531860351562,673.2506103515625,444.260009765625,102.06195068359375,43.226524353027344,52.2374267578125,146.74742126464844,75.38520050048828,144.4847412109375,118.84447479248047,113.15032196044922
2025-11-05,269.8783874511719,471.3177795410156,184.8264923095703,310.2803955078125,622.47802734375,675.583740234375,462.07000732421875,101.26358032226562,43.34054946899414,52.41679763793945,147.32154846191406,75.33560180664062,145.0423583984375,120.29161071777344,112.6943130493164
2025-11-06,269.50872802734375,467.5023498535156,185.79037475585938,312.0126037597656,610.8829345703125,668.3351440429688,445.9100036621094,101.47315216064453,43.76195526123047,52.22746276855469,144.3610382080078,74.99830627441406,145.3211669921875,117.51212310791016,113.5072021484375
2025-11-07,268.2099914550781,468.0801086425781,185.39291381835938,312.7990417480469,608.9553833007812,668.9931640625,429.5199890136719,102.38129425048828,44.3915901184082,52.59617233276367,143.86178588867188,76.09947204589844,145.5203094482422,117.6967544555664,116.20361328125
2025-11-10,269.42999267578125,472.025146484375,187.22129821777344,315.4670104980469,622.4280395507812,679.432373046875,445.2300109863281,102.2116470336914,44.79316711425781,52.78551483154297,147.5412139892578,75.82170104980469,146.65548706054688,119.24369049072266,117.1949462890625
2025-11-11,275.25,477.593994140625,192.6071014404297,314.20269775390625,620.7702026367188,680.9877319335938,439.6199951171875,103.22957611083984,45.37818145751953,53.02467346191406,146.2831268310547,76.8137435913086,150.0410614013672,119.53810119628906,118.74141693115234
2025-11-12,273.4700012207031,480.9312744140625,193.16355895996094,318.97119140625,620.2808227539062,681.3666381835938,430.6000061035156,103.22957611083984,44.74359130859375,53.483070373535156,146.73744201660156,76.70462036132812,152.1719970703125,118.73469543457031,117.09581756591797
2025-11-13,272.95001220703125,472.9416198730469,194.0181427001953,308.0903015136719,607.6171875,670.0599975585938,401.989990234375,102.33140563964844,44.85762023925781,52.795475006103516,143.07797241210938,76.70462036132812,152.0923309326172,115.77056884765625,117.76000213623047
2025-11-14,272.4100036621094,470.01275634765625,194.69384765625,302.2466125488281,608.0765380859375,669.9503784179688,404.3500061035156,102.27153015136719,45.62110900878906,52.2673225402832,143.85679626464844,76.64509582519531,151.18618774414062,115.21666717529297,119.29000091552734
2025-11-17,267.4599914550781,464.5535583496094,198.32081604003906,299.02117919921875,602.8832397460938,663.7088012695312,408.9200134277344,102.74056243896484,44.7882080078125,51.27080535888672,141.605224609375,76.15898895263672,151.05673217773438,114.1338119506836,117.68000030517578
2025-11-18,267.44000244140625,459.55255126953125,198.73817443847656,298.06549072265625,595.542724609375,658.1353149414062,401.25,101.1837387084961,45.145164489746094,51.19108200073242,139.3037109375,76.48636627197266,151.94296264648438,112.02798461914062,119.02999877929688
2025-11-19,268.55999755859375,460.0108337402344,201.23233032226562,301.90814208984375,599.09814453125,660.6777954101562,403.989990234375,100.40532684326172,44.56015396118164,51.38042449951172,140.27223205566406,75.90106964111328,151.68406677246094,112.03297424316406,117.3499984741211
2025-11-20,266.25,456.36468505859375,201.78880310058594,297.0401306152344,584.9163818359375,650.6075439453125,395.2300109863281,106.89210510253906,44.054466247558594,50.93199157714844,135.86891174316406,76.44668579101562,150.77792358398438,110.36128997802734,117.0199966430664
2025-11-21,271.489990234375,461.39788818359375,202.61355590820312,296.6817321777344,589.3107299804688,657.08837890625,391.0899963378906,105.10574340820312,44.332096099853516,51.49003601074219,136.39312744140625,77.2800064086914,153.95440673828125,112.52699279785156,117.08000183105469
2025-11-24,275.9200134277344,463.2631530761719,204.75,296.6618347167969,604.3812866210938,666.759765625,417.7799987792969,103.84830474853516,44.208152770996094,51.70927429199219,139.6431884765625,76.38716888427734,154.6016387939453,114.02901458740234,115.97000122070312
2025-11-25,276.9700012207031,469.9860534667969,206.6699981689453,301.6393737792969,608.1065063476562,673.03125,419.3999938964844,106.7823257446289,43.93052291870117,52.35700988769531,140.0176239013672,77.43872833251953,158.09677124023438,116.46917724609375,114.51000213623047
2025-11-26,277.54998779296875,473.1480712890625,207.55999755859375,306.258544921875,613.4796142578125,677.6775512695312,426.5799865722656,108.87805938720703,44.26268768310547,52.76558303833008,141.67510986328125,78.28196716308594,157.7482452392578,117.2676010131836,114.7699966430664
2025-11-28,278.8500061035156,475.9708557128906,206.9199981689453,311.6741027832031,618.4531860351562,681.3765869140625,430.1700134277344,110.28519439697266,44.842742919921875,53.14426040649414,142.8932647705078,78.7383041381836,156.98150634765625,117.99616241455078,115.91999816894531
2025-12-01,283.1000061035156,472.12066650390625,205.33999633789062,307.5328063964844,616.3758544921875,678.2658081054688,430.1400146484375,111.30311584472656,45.27406692504883,52.70579147338867,142.95816040039062,78.65894317626953,154.6315155029297,118.06602478027344,116.62999725341797
2025-12-02,286.19000244140625,474.0557556152344,205.4199981689453,306.4974670410156,621.1996459960938,679.5220947265625,429.239990234375,112.18132781982422,44.689056396484375,52.65596389770508,144.43092346191406,78.14307403564453,153.70545959472656,117.98617553710938,115.37999725341797
2025-12-03,284.1499938964844,478.19525146484375,205.3300018310547,310.7283935546875,622.7177124023438,681.8751220703125,446.739990234375,114.17726135253906,45.526912689208984,53.36349105834961,144.77540588378906,78.20260620117188,154.4224090576172,119.25865936279297,117.80000305175781
2025-12-04,280.70001220703125,477.8561096191406,202.47999572753906,314.6805725097656,622.138427734375,682.3736572265625,454.5299987792969,114.60637664794922,45.72026443481445,53.47311019897461,145.31459045410156,77.82562255859375,153.24740600585938,118.8344955444336,117.13999938964844
2025-12-05,278.7799987792969,478.8136291503906,201.92999267578125,313.6253356933594,624.6751708984375,683.6697998046875,455.0,114.8758316040039,45.53186798095703,53.493038177490234,146.3779754638672,77.8355484008789,152.61012268066406,119.49319458007812,116.54000091552734
2025-12-08,277.8900146484375,476.93841552734375,201.6199951171875,313.7945556640625,623.4767456054688,681.6159057617188,439.5799865722656,113.3289794921875,45.036094665527344,53.29373550415039,147.4064178466797,77.19071960449219,150.78787231445312,117.75662994384766,115.9800033569336
2025-12-09,277.17999267578125,475.2127990722656,199.9600067138672,299.16058349609375,624.2457275390625,681.027587890625,445.1700134277344,114.825927734375,45.3137321472168,53.09443283081055,147.7958221435547,77.3692855834961,149.32412719726562,117.74665832519531,118.25
2025-12-10,278.7799987792969,480.1303405761719,206.5399932861328,308.7174377441406,626.8024291992188,685.5443115234375,451.45001220703125,112.94976043701172,45.7896728515625,53.702308654785156,148.50474548339844,77.59745788574219,151.494873046875,119.47322845458984,119.54000091552734
2025-12-11,278.0299987792969,486.6337890625,210.00999450683594,315.9548034667969,624.7750854492188,687.1395263671875,446.8900146484375,115.28499603271484,45.571533203125,54.67889404296875,147.7458953857422,78.17284393310547,152.92877197265625,119.94229888916016,119.54000091552734
2025-12-12,278.2799987792969,484.1700439453125,211.5800018310547,317.0896911621094,612.8304443359375,679.7514038085938,458.9599914550781,116.69999694824219,45.125335693359375,54.75861740112305,143.47238159179688,78.78790283203125,153.40673828125,120.46126556396484,118.81999969482422
2025-12-15,274.1099853515625,483.9406433105469,214.1699981689453,318.58294677734375,609.75439453125,678.7244262695312,475.30999755859375,116.79000091552734,44.808040618896484,54.79847717285156,142.08448791503906,79.00615692138672,155.43809509277344,121.4892349243164,117.76000213623047
2025-12-16,274.6099853515625,480.75872802734375,209.3000030517578,314.1330261230469,610.9628295898438,676.8699340820312,489.8800048828125,115.41999816894531,43.43970489501953,54.4496955871582,142.34408569335938,78.64901733398438,153.4167022705078,121.6888427734375,114.68000030517578
2025-12-17,271.8399963378906,478.584228515625,210.3300018310547,313.5655822753906,599.6373901367188,669.4219360351562,467.260009765625,115.66000366210938,44.40150451660156,54.43973159790039,139.17889404296875,79.01607513427734,153.13787841796875,120.28162384033203,117.41000366210938
2025-12-18,272.19000244140625,479.2924499511719,208.30999755859375,311.594482421875,608.3262329101562,674.4769287109375,483.3699951171875,114.83000183105469,43.75699996948242,54.35004425048828,141.3256378173828,78.55973815917969,153.2573699951172,122.0980224609375,116.54000091552734
2025-12-19,273.6700134277344,480.975830078125,206.3699951171875,315.7855529785156,616.2559814453125,680.5900268554688,481.20001220703125,114.36000061035156,43.75699996948242,54.64899826049805,144.38101196289062,78.15299987792969,154.2830047607422,121.60899353027344,116.69000244140625
2025-12-22,270.9700012207031,483.2850036621094,207.32000732421875,321.63916015625,619.2100219726562,684.8300170898438,488.7300109863281,112.5999984741211,44.209999084472656,55.31999969482422,145.16000366210938,77.87999725341797,155.3000030517578,122.33999633789062,118.1500015258789
2025-12-23,272.3599853515625,484.0547180175781,205.77999877929688,324.4664001464844,622.1099853515625,687.9600219726562,485.55999755859375,110.9000015258789,44.5,55.43000030517578,145.9499969482422,77.51000213623047,154.99000549316406,122.16999816894531,119.41999816894531
2025-12-24,273.80999755859375,486.8337097167969,207.77999877929688,327.6918640136719,623.9299926757812,690.3800048828125,485.3999938964844,111.61000061035156,44.369998931884766,55.72999954223633,146.3000030517578,78.12000274658203,155.8000030517578,122.58999633789062,119.22000122070312
2025-12-26,273.3999938964844,486.85369873046875,207.6300048828125,326.4375305175781,623.8900146484375,690.3099975585938,475.19000244140625,111.73999786376953,44.20000076293945,55.619998931884766,146.52999877929688,78.2300033569336,156.0500030517578,122.05000305175781,119.11000061035156
2025-12-29,273.760009765625,484.4145812988281,207.55999755859375,322.29620361328125,620.8699951171875,687.8499755859375,459.6400146484375,112.52999877929688,44.619998931884766,55.31999969482422,145.8699951171875,78.27999877929688,155.80999755859375,120.8499984741211,120.52999877929688
2025-12-30,273.0799865722656,483.4149475097656,206.91000366210938,321.96771240234375,619.4299926757812,687.010009765625,454.42999267578125,111.91999816894531,44.959999084472656,55.18000030517578,145.41000366210938,78.1500015258789,155.67999267578125,120.36000061035156,120.98999786376953
2025-12-31,271.8599853515625,480.39605712890625,206.9499969482422,320.7730712890625,614.3099975585938,681.9199829101562,449.7200012207031,111.41000366210938,44.709999084472656,54.77000045776367,143.97000122070312,77.68000030517578,154.8000030517578,119.41000366210938,120.33999633789062
2026-01-02,271.010009765625,483.4549560546875,207.35000610351562,324.0184326171875,613.1199951171875,683.1699829101562,438.07000732421875,112.76000213623047,45.650001525878906,54.93000030517578,144.3000030517578,77.69000244140625,155.50999450683594,118.3499984741211,122.6500015258789
2026-01-05,267.260009765625,489.59271240234375,204.30999755859375,332.5400085449219,617.989990234375,687.719970703125,451.6700134277344,112.70999908447266,46.88999938964844,56.130001068115234,144.6199951171875,77.3499984741211,155.0399932861328,120.30000305175781,125.36000061035156
2026-01-06,262.3599853515625,494.4309387207031,204.7899932861328,334.6099853515625,623.4199829101562,691.8099975585938,432.9599914550781,114.33999633789062,45.63999938964844,56.400001525878906,146.64999389648438,77.47000122070312,158.08999633789062,121.06999969482422,121.05000305175781
2026-01-07,260.3299865722656,489.7826232910156,207.49000549316406,326.989990234375,624.02001953125,689.5800170898438,431.4100036621094,112.72000122070312,45.130001068115234,55.61000061035156,146.52999877929688,76.62000274658203,159.66000366210938,120.9000015258789,118.48999786376953
2026-01-08,259.0400085449219,492.3517150878906,205.75,329.7900085449219,620.469970703125,689.510009765625,435.79998779296875,113.06999969482422,46.54999923706055,55.900001525878906,144.24000549316406,78.44000244140625,158.1199951171875,122.91999816894531,122.91000366210938
2026-01-09,259.3699951171875,494.8407897949219,204.38999938964844,329.19000244140625,626.6500244140625,694.0700073242188,445.010009765625,114.52999877929688,46.66999816894531,55.72999954223633,146.14999389648438,79.25,157.30999755859375,124.41000366210938,124.61000061035156
2026-01-12,260.25,495.7204895019531,209.72000122070312,324.489990234375,627.1699829101562,695.1599731445312,448.9599914550781,117.97000122070312,46.34000015258789,55.290000915527344,146.7899932861328,80.18000030517578,157.3800048828125,124.5199966430664,124.02999877929688
2026-01-13,261.04998779296875,491.7619323730469,213.64999389648438,310.8999938964844,626.239990234375,693.77001953125,447.20001220703125,120.36000061035156,47.0,54.22999954223633,146.47999572753906,81.11000061035156,156.74000549316406,124.20999908447266,126.54000091552734
2026-01-14,259.9599914550781,491.40203857421875,218.5500030517578,307.8699951171875,619.5499877929688,690.3599853515625,439.20001220703125,120.04000091552734,48.060001373291016,54.150001525878906,144.6999969482422,82.2300033569336,157.86000061035156,122.25,130.1999969482422
2026-01-15,258.2099914550781,494.301025390625,219.57000732421875,309.260009765625,621.780029296875,692.239990234375,438.57000732421875,119.19999694824219,47.61000061035156,54.369998931884766,145.4600067138672,82.37000274658203,156.9600067138672,122.69999694824219,129.1300048828125
2026-01-16,255.52999877929688,493.4200134277344,218.66000366210938,312.4700012207031,621.260009765625,691.6599731445312,437.5,119.69999694824219,47.689998626708984,54.439998626708984,145.6199951171875,82.11000061035156,155.74000549316406,122.30000305175781,129.88999938964844
2026-01-20,246.6999969482422,484.8800048828125,218.2100067138672,302.739990234375,608.0599975585938,677.5800170898438,419.25,118.70999908447266,47.599998474121094,53.20000076293945,141.83999633789062,82.36000061035156,155.39999389648438,119.12000274658203,130.4600067138672
2026-01-21,247.64999389648438,490.79998779296875,218.00999450683594,302.0400085449219,616.280029296875,685.4000244140625,431.44000244140625,119.36000061035156,48.75,53.459999084472656,143.80999755859375,82.44000244140625,158.25999450683594,121.4000015258789,133.61000061035156
2026-01-22,248.35000610351562,493.69000244140625,218.49000549316406,303.6300048828125,620.760009765625,688.97998046875,449.3599853515625,117.83000183105469,48.90999984741211,53.810001373291016,144.8800048828125,82.2699966430664,158.2899932861328,122.62000274658203,133.63999938964844
2026-01-23,248.0399932861328,490.92999267578125,220.13999938964844,297.7200012207031,622.719970703125,689.22998046875,449.05999755859375,117.7300033569336,49.189998626708984,53.06999969482422,145.08999633789062,82.91000366210938,157.47999572753906,123.12999725341797,134.97000122070312
2026-01-26,255.41000366210938,494.05999755859375,221.49000549316406,301.0400085449219,625.4600219726562,692.72998046875,435.20001220703125,117.63999938964844,49.220001220703125,53.40999984741211,146.0800018310547,82.77999877929688,158.10000610351562,122.31999969482422,134.83999633789062
2026-01-27,258.2699890136719,490.05999755859375,224.44000244140625,300.30999755859375,631.1300048828125,695.489990234375,430.8999938964844,116.94000244140625,49.66999816894531,53.0,148.0500030517578,83.16000366210938,155.4499969482422,122.69000244140625,136.8300018310547
2026-01-28,256.44000244140625,490.1300048828125,227.72000122070312,300.7699890136719,633.219970703125,695.4199829101562,431.4599914550781,116.56999969482422,50.04999923706055,52.9900016784668,149.22999572753906,82.31999969482422,154.30999755859375,121.7699966430664,137.5800018310547
2026-01-29,258.2799987792969,490.2099914550781,227.2899932861328,306.4200134277344,629.4299926757812,694.0399780273438,416.55999755859375,117.41000366210938,50.5099983215332,53.54999923706055,146.8699951171875,82.12999725341797,153.82000732421875,121.19000244140625,140.50999450683594
2026-01-30,259.4800109863281,489.0299987792969,227.25,305.8900146484375,621.8699951171875,691.969970703125,430.4100036621094,119.13999938964844,51.04999923706055,53.439998626708984,143.8800048828125,83.51000213623047,154.74000549316406,121.16999816894531,141.39999389648438
